filename,variable_id,domain_id,driving_source_id,driving_experiment_id,driving_variant_label,institution_id,source_id,version_realization,frequency,version,cc6:scored_points,cc6:possible_points,cc6:high_count,cc6:medium_count,cc6:low_count,cc6:low_priorities,cc6:medium_priorities,cc6:high_priorities,cf:scored_points,cf:possible_points,cf:high_count,cf:medium_count,cf:low_count,cf:low_priorities,cf:medium_priorities,cf:high_priorities
/mnt/CORDEX_CMIP6_tmp/sim_data/CORDEX-CMIP6/DD/EUR-12/ICTP/NorESM2-MM/historical/r1i1p1f1/RegCM5-0/v1-r1/6hr/hus600/hus600_EUR-12_NorESM2-MM_historical_r1i1p1f1_ICTP_RegCM5-0_v1-r1_6hr_198201010600-198301010000.nc,hus600,EUR-12,NorESM2-MM,historical,r1i1p1f1,ICTP,RegCM5-0,v1-r1,6hr,hus600,71,86,10,5,0,,"Your 'calendar' attribute is not one of the recommended calendars ('standard', 'proleptic_gregorian'): 'noleap'. The use of another calendar is OK in case it has been inherited from the driving model.
It is recommended that data should be compressed with a 'deflate level' of '1' and enabled 'shuffle' option. The data is compressed with a higher 'deflate level' than recommended, this can lead to performance issues when accessing the data.
The first timestep differs from expectation ('1982-01-01 00:00:00'): '1982-01-01 06:00:00'. '1' full simulation year is expected in the data file for frequency '6hr'.
The last timestep differs from expectation ('1982-12-31 18:00:00'): '1983-01-01 00:00:00'. '1' full simulation year is expected in the data file for frequency '6hr'.
It is recommended for the variables 'rlat' and 'rlon' or 'x' and 'y' to have bounds defined.
It is recommended for the variables 'lat' and 'lon' to have bounds defined.
","DRS path building block 'frequency' does not comply with the CV: 'v1-r1'. Allowed values: '1hr', '3hr', '6hr', ...
DRS path building block 'source_id' does not comply with the CV: 'r1i1p1f1'. Allowed values: 'ALARO1-SFX', 'BARPA-R1-NN', 'CCAM-v2105', ...
DRS path building block 'driving_variant_label' does not comply with the CV: 'historical'. Expected value/pattern: 'r[[:digit:]]\{1,\}i[[:digit:]]\{1,\}p[[:digit:]]\{1,\}f[[:digit:]]\{1,\}$'.
DRS path building block 'driving_experiment_id' does not comply with the CV: 'NorESM2-MM'. Allowed values: 'evaluation', 'historical', 'ssp119', ...
DRS path building block 'driving_source_id' does not comply with the CV: 'ICTP'. Allowed values: '4AOP-v1-5', 'ACCESS-CM2', 'ACCESS-ESM1-5', ...
DRS path building block 'institution_id' does not comply with the CV: 'EUR-12'. Allowed values: 'AUTH', 'BAS', 'BCCR-UCAN', ...
DRS path building block 'domain_id' does not comply with the CV: 'DD'. Allowed values: 'SAM-50', 'CAM-50', 'NAM-50', ...
DRS path building block 'activity_id' does not comply with the CV: 'CORDEX-CMIP6'. Allowed values: 'DD', 'ESD'.
DRS path building block 'project_id' does not comply with the CV: 'sim_data'. Expected value/pattern: 'CORDEX-CMIP6'.
Value for DRS building block 'activity_id' is not consistent between 'file path' and 'global attributes': 'CORDEX-CMIP6' and 'DD'.
Value for DRS building block 'domain_id' is not consistent between 'file name' and 'file path' and 'global attributes': 'EUR-12' and 'DD' and 'EUR-12'.
Value for DRS building block 'driving_experiment_id' is not consistent between 'file name' and 'file path' and 'global attributes': 'historical' and 'NorESM2-MM' and 'historical'.
Value for DRS building block 'driving_source_id' is not consistent between 'file name' and 'file path' and 'global attributes': 'NorESM2-MM' and 'ICTP' and 'NorESM2-MM'.
Value for DRS building block 'driving_variant_label' is not consistent between 'file name' and 'file path' and 'global attributes': 'r1i1p1f1' and 'historical' and 'r1i1p1f1'.
Value for DRS building block 'frequency' is not consistent between 'file name' and 'file path' and 'global attributes': '6hr' and 'v1-r1' and '6hr'.
Value for DRS building block 'institution_id' is not consistent between 'file name' and 'file path' and 'global attributes': 'ICTP' and 'EUR-12' and 'ICTP'.
Value for DRS building block 'project_id' is not consistent between 'file path' and 'global attributes': 'sim_data' and 'CORDEX-CMIP6'.
Value for DRS building block 'source_id' is not consistent between 'file name' and 'file path' and 'global attributes': 'RegCM5-0' and 'r1i1p1f1' and 'RegCM5-0'.
Value for DRS building block 'variable_id' is not consistent between 'file name' and 'file path' and 'global attributes': 'hus600' and '6hr' and 'hus600'.
Value for DRS building block 'version_realization' is not consistent between 'file name' and 'file path' and 'global attributes': 'v1-r1' and 'RegCM5-0' and 'v1-r1'.
Global attribute 'license' does not comply with the CV: 'Creative Commons Attribution 4.0 International License (CC BY 4.0; https://creativecommons.org/licenses/by/4.0).'. Expected value/pattern: 'https://cordex.org/data-access/cordex-cmip6-data/cordex-cmip6-terms-of-use'.
Global attribute 'license' does not comply with the CV: 'Creative Commons Attribution 4.0 International License (CC BY 4.0; https://creativecommons.org/licenses/by/4.0).'. Expected value/pattern: 'https://cordex.org/data-access/cordex-cmip6-data/cordex-cmip6-terms-of-use'.
Global attribute 'source' does not comply with the CV: 'The ICTP RegCM version 5 using non hydrostatic MOLOCH dynamical core'. Expected value/pattern: 'The ICTP RegCM version 5 using non hydrostatic MOLOCH dynamical core (2023)'.
Global attribute 'tracking_id' does not comply with the CV: '4651da4e-63cb-11f0-9667-00001029fe80'. Expected value/pattern: 'hdl:21.14103/.*'.
The CMOR table denoted by the global attribute 'table_id' is not the expected one ('6hr'): 'unknown'.
Your time axis' 'units' attribute differs from the allowed values ('days since 1950-01-01T00:00:00Z', 'days since 1850-01-01T00:00:00Z' if the pre-1950 era is included in the group's simulations): 'hours since 1950-01-01 00:00:00'.
The dimension / coordinate 'longitude' of the variable 'hus600' requires bounds to be defined.
The dimension / coordinate 'latitude' of the variable 'hus600' requires bounds to be defined.
The variable attribute 'hus600:long_name = 'Specific Humidity' is not equivalent to the value specified in the CMOR table ('Specific Humidity at 600hPa').
The variable attribute 'hus600:cell_methods = 'time: point' is not equivalent to the value specified in the CMOR table ('area: mean time: point').
The variable attribute 'hus600:cell_measures = 'unset' is not equivalent to the value specified in the CMOR table ('area: areacella').
The grid_mapping_name 'rotated_latitude_longitude' requires the variables 'rlat' and 'rlon' to be present in the file defining the native coordinate system used by the RCM.
The global attribute 'institution' is not compliant with the CV: 'International Centre for Theoretical Physics' instead of 'The Abdus Salam International Centre for Theoretical Physics, Trieste, Italy'.
The 'version' element in the path is not of the format 'vYYYYMMDD': 'hus600'.
DRS path building block 'version_realization' does not comply with the CORDEX-CMIP6 Archive Specifications: 'RegCM5-0'. Expected pattern: 'v[1-9]\d*-r[1-9]\d*', eg. 'v1-r3'.
",390,391,0,1,0,,"attribute hus600:_QuantizeBitGroomNumberOfSignificantDigits should begin with a letter and be composed of letters, digits, and underscores
",
/mnt/CORDEX_CMIP6_tmp/sim_data/CORDEX-CMIP6/DD/EUR-12/ICTP/NorESM2-MM/historical/r1i1p1f1/RegCM5-0/v1-r1/6hr/hus700/hus700_EUR-12_NorESM2-MM_historical_r1i1p1f1_ICTP_RegCM5-0_v1-r1_6hr_197201010600-197301010000.nc,hus700,EUR-12,NorESM2-MM,historical,r1i1p1f1,ICTP,RegCM5-0,v1-r1,6hr,hus700,71,86,10,5,0,,"Your 'calendar' attribute is not one of the recommended calendars ('standard', 'proleptic_gregorian'): 'noleap'. The use of another calendar is OK in case it has been inherited from the driving model.
It is recommended that data should be compressed with a 'deflate level' of '1' and enabled 'shuffle' option. The data is compressed with a higher 'deflate level' than recommended, this can lead to performance issues when accessing the data.
The first timestep differs from expectation ('1972-01-01 00:00:00'): '1972-01-01 06:00:00'. '1' full simulation year is expected in the data file for frequency '6hr'.
The last timestep differs from expectation ('1972-12-31 18:00:00'): '1973-01-01 00:00:00'. '1' full simulation year is expected in the data file for frequency '6hr'.
It is recommended for the variables 'rlat' and 'rlon' or 'x' and 'y' to have bounds defined.
It is recommended for the variables 'lat' and 'lon' to have bounds defined.
","DRS path building block 'frequency' does not comply with the CV: 'v1-r1'. Allowed values: '1hr', '3hr', '6hr', ...
DRS path building block 'source_id' does not comply with the CV: 'r1i1p1f1'. Allowed values: 'ALARO1-SFX', 'BARPA-R1-NN', 'CCAM-v2105', ...
DRS path building block 'driving_variant_label' does not comply with the CV: 'historical'. Expected value/pattern: 'r[[:digit:]]\{1,\}i[[:digit:]]\{1,\}p[[:digit:]]\{1,\}f[[:digit:]]\{1,\}$'.
DRS path building block 'driving_experiment_id' does not comply with the CV: 'NorESM2-MM'. Allowed values: 'evaluation', 'historical', 'ssp119', ...
DRS path building block 'driving_source_id' does not comply with the CV: 'ICTP'. Allowed values: '4AOP-v1-5', 'ACCESS-CM2', 'ACCESS-ESM1-5', ...
DRS path building block 'institution_id' does not comply with the CV: 'EUR-12'. Allowed values: 'AUTH', 'BAS', 'BCCR-UCAN', ...
DRS path building block 'domain_id' does not comply with the CV: 'DD'. Allowed values: 'SAM-50', 'CAM-50', 'NAM-50', ...
DRS path building block 'activity_id' does not comply with the CV: 'CORDEX-CMIP6'. Allowed values: 'DD', 'ESD'.
DRS path building block 'project_id' does not comply with the CV: 'sim_data'. Expected value/pattern: 'CORDEX-CMIP6'.
Value for DRS building block 'activity_id' is not consistent between 'file path' and 'global attributes': 'CORDEX-CMIP6' and 'DD'.
Value for DRS building block 'domain_id' is not consistent between 'file name' and 'file path' and 'global attributes': 'EUR-12' and 'DD' and 'EUR-12'.
Value for DRS building block 'driving_experiment_id' is not consistent between 'file name' and 'file path' and 'global attributes': 'historical' and 'NorESM2-MM' and 'historical'.
Value for DRS building block 'driving_source_id' is not consistent between 'file name' and 'file path' and 'global attributes': 'NorESM2-MM' and 'ICTP' and 'NorESM2-MM'.
Value for DRS building block 'driving_variant_label' is not consistent between 'file name' and 'file path' and 'global attributes': 'r1i1p1f1' and 'historical' and 'r1i1p1f1'.
Value for DRS building block 'frequency' is not consistent between 'file name' and 'file path' and 'global attributes': '6hr' and 'v1-r1' and '6hr'.
Value for DRS building block 'institution_id' is not consistent between 'file name' and 'file path' and 'global attributes': 'ICTP' and 'EUR-12' and 'ICTP'.
Value for DRS building block 'project_id' is not consistent between 'file path' and 'global attributes': 'sim_data' and 'CORDEX-CMIP6'.
Value for DRS building block 'source_id' is not consistent between 'file name' and 'file path' and 'global attributes': 'RegCM5-0' and 'r1i1p1f1' and 'RegCM5-0'.
Value for DRS building block 'variable_id' is not consistent between 'file name' and 'file path' and 'global attributes': 'hus700' and '6hr' and 'hus700'.
Value for DRS building block 'version_realization' is not consistent between 'file name' and 'file path' and 'global attributes': 'v1-r1' and 'RegCM5-0' and 'v1-r1'.
Global attribute 'license' does not comply with the CV: 'Creative Commons Attribution 4.0 International License (CC BY 4.0; https://creativecommons.org/licenses/by/4.0).'. Expected value/pattern: 'https://cordex.org/data-access/cordex-cmip6-data/cordex-cmip6-terms-of-use'.
Global attribute 'license' does not comply with the CV: 'Creative Commons Attribution 4.0 International License (CC BY 4.0; https://creativecommons.org/licenses/by/4.0).'. Expected value/pattern: 'https://cordex.org/data-access/cordex-cmip6-data/cordex-cmip6-terms-of-use'.
Global attribute 'source' does not comply with the CV: 'The ICTP RegCM version 5 using non hydrostatic MOLOCH dynamical core'. Expected value/pattern: 'The ICTP RegCM version 5 using non hydrostatic MOLOCH dynamical core (2023)'.
Global attribute 'tracking_id' does not comply with the CV: '32c2ebf0-6360-11f0-8c99-00001029fe80'. Expected value/pattern: 'hdl:21.14103/.*'.
The CMOR table denoted by the global attribute 'table_id' is not the expected one ('6hr'): 'unknown'.
Your time axis' 'units' attribute differs from the allowed values ('days since 1950-01-01T00:00:00Z', 'days since 1850-01-01T00:00:00Z' if the pre-1950 era is included in the group's simulations): 'hours since 1950-01-01 00:00:00'.
The dimension / coordinate 'longitude' of the variable 'hus700' requires bounds to be defined.
The dimension / coordinate 'latitude' of the variable 'hus700' requires bounds to be defined.
The variable attribute 'hus700:long_name = 'Specific Humidity' is not equivalent to the value specified in the CMOR table ('Specific Humidity at 700hPa').
The variable attribute 'hus700:cell_methods = 'time: point' is not equivalent to the value specified in the CMOR table ('area: mean time: point').
The variable attribute 'hus700:cell_measures = 'unset' is not equivalent to the value specified in the CMOR table ('area: areacella').
The grid_mapping_name 'rotated_latitude_longitude' requires the variables 'rlat' and 'rlon' to be present in the file defining the native coordinate system used by the RCM.
The global attribute 'institution' is not compliant with the CV: 'International Centre for Theoretical Physics' instead of 'The Abdus Salam International Centre for Theoretical Physics, Trieste, Italy'.
The 'version' element in the path is not of the format 'vYYYYMMDD': 'hus700'.
DRS path building block 'version_realization' does not comply with the CORDEX-CMIP6 Archive Specifications: 'RegCM5-0'. Expected pattern: 'v[1-9]\d*-r[1-9]\d*', eg. 'v1-r3'.
",390,391,0,1,0,,"attribute hus700:_QuantizeBitGroomNumberOfSignificantDigits should begin with a letter and be composed of letters, digits, and underscores
",
/mnt/CORDEX_CMIP6_tmp/sim_data/CORDEX-CMIP6/DD/EUR-12/ICTP/NorESM2-MM/historical/r1i1p1f1/RegCM5-0/v1-r1/6hr/hus850/hus850_EUR-12_NorESM2-MM_historical_r1i1p1f1_ICTP_RegCM5-0_v1-r1_6hr_198501010600-198601010000.nc,hus850,EUR-12,NorESM2-MM,historical,r1i1p1f1,ICTP,RegCM5-0,v1-r1,6hr,hus850,71,86,10,5,0,,"Your 'calendar' attribute is not one of the recommended calendars ('standard', 'proleptic_gregorian'): 'noleap'. The use of another calendar is OK in case it has been inherited from the driving model.
It is recommended that data should be compressed with a 'deflate level' of '1' and enabled 'shuffle' option. The data is compressed with a higher 'deflate level' than recommended, this can lead to performance issues when accessing the data.
The first timestep differs from expectation ('1985-01-01 00:00:00'): '1985-01-01 06:00:00'. '1' full simulation year is expected in the data file for frequency '6hr'.
The last timestep differs from expectation ('1985-12-31 18:00:00'): '1986-01-01 00:00:00'. '1' full simulation year is expected in the data file for frequency '6hr'.
It is recommended for the variables 'rlat' and 'rlon' or 'x' and 'y' to have bounds defined.
It is recommended for the variables 'lat' and 'lon' to have bounds defined.
","DRS path building block 'frequency' does not comply with the CV: 'v1-r1'. Allowed values: '1hr', '3hr', '6hr', ...
DRS path building block 'source_id' does not comply with the CV: 'r1i1p1f1'. Allowed values: 'ALARO1-SFX', 'BARPA-R1-NN', 'CCAM-v2105', ...
DRS path building block 'driving_variant_label' does not comply with the CV: 'historical'. Expected value/pattern: 'r[[:digit:]]\{1,\}i[[:digit:]]\{1,\}p[[:digit:]]\{1,\}f[[:digit:]]\{1,\}$'.
DRS path building block 'driving_experiment_id' does not comply with the CV: 'NorESM2-MM'. Allowed values: 'evaluation', 'historical', 'ssp119', ...
DRS path building block 'driving_source_id' does not comply with the CV: 'ICTP'. Allowed values: '4AOP-v1-5', 'ACCESS-CM2', 'ACCESS-ESM1-5', ...
DRS path building block 'institution_id' does not comply with the CV: 'EUR-12'. Allowed values: 'AUTH', 'BAS', 'BCCR-UCAN', ...
DRS path building block 'domain_id' does not comply with the CV: 'DD'. Allowed values: 'SAM-50', 'CAM-50', 'NAM-50', ...
DRS path building block 'activity_id' does not comply with the CV: 'CORDEX-CMIP6'. Allowed values: 'DD', 'ESD'.
DRS path building block 'project_id' does not comply with the CV: 'sim_data'. Expected value/pattern: 'CORDEX-CMIP6'.
Value for DRS building block 'activity_id' is not consistent between 'file path' and 'global attributes': 'CORDEX-CMIP6' and 'DD'.
Value for DRS building block 'domain_id' is not consistent between 'file name' and 'file path' and 'global attributes': 'EUR-12' and 'DD' and 'EUR-12'.
Value for DRS building block 'driving_experiment_id' is not consistent between 'file name' and 'file path' and 'global attributes': 'historical' and 'NorESM2-MM' and 'historical'.
Value for DRS building block 'driving_source_id' is not consistent between 'file name' and 'file path' and 'global attributes': 'NorESM2-MM' and 'ICTP' and 'NorESM2-MM'.
Value for DRS building block 'driving_variant_label' is not consistent between 'file name' and 'file path' and 'global attributes': 'r1i1p1f1' and 'historical' and 'r1i1p1f1'.
Value for DRS building block 'frequency' is not consistent between 'file name' and 'file path' and 'global attributes': '6hr' and 'v1-r1' and '6hr'.
Value for DRS building block 'institution_id' is not consistent between 'file name' and 'file path' and 'global attributes': 'ICTP' and 'EUR-12' and 'ICTP'.
Value for DRS building block 'project_id' is not consistent between 'file path' and 'global attributes': 'sim_data' and 'CORDEX-CMIP6'.
Value for DRS building block 'source_id' is not consistent between 'file name' and 'file path' and 'global attributes': 'RegCM5-0' and 'r1i1p1f1' and 'RegCM5-0'.
Value for DRS building block 'variable_id' is not consistent between 'file name' and 'file path' and 'global attributes': 'hus850' and '6hr' and 'hus850'.
Value for DRS building block 'version_realization' is not consistent between 'file name' and 'file path' and 'global attributes': 'v1-r1' and 'RegCM5-0' and 'v1-r1'.
Global attribute 'license' does not comply with the CV: 'Creative Commons Attribution 4.0 International License (CC BY 4.0; https://creativecommons.org/licenses/by/4.0).'. Expected value/pattern: 'https://cordex.org/data-access/cordex-cmip6-data/cordex-cmip6-terms-of-use'.
Global attribute 'license' does not comply with the CV: 'Creative Commons Attribution 4.0 International License (CC BY 4.0; https://creativecommons.org/licenses/by/4.0).'. Expected value/pattern: 'https://cordex.org/data-access/cordex-cmip6-data/cordex-cmip6-terms-of-use'.
Global attribute 'source' does not comply with the CV: 'The ICTP RegCM version 5 using non hydrostatic MOLOCH dynamical core'. Expected value/pattern: 'The ICTP RegCM version 5 using non hydrostatic MOLOCH dynamical core (2023)'.
Global attribute 'tracking_id' does not comply with the CV: '7dcbf52a-63e1-11f0-857f-00001029fe80'. Expected value/pattern: 'hdl:21.14103/.*'.
The CMOR table denoted by the global attribute 'table_id' is not the expected one ('6hr'): 'unknown'.
Your time axis' 'units' attribute differs from the allowed values ('days since 1950-01-01T00:00:00Z', 'days since 1850-01-01T00:00:00Z' if the pre-1950 era is included in the group's simulations): 'hours since 1950-01-01 00:00:00'.
The dimension / coordinate 'longitude' of the variable 'hus850' requires bounds to be defined.
The dimension / coordinate 'latitude' of the variable 'hus850' requires bounds to be defined.
The variable attribute 'hus850:long_name = 'Specific Humidity' is not equivalent to the value specified in the CMOR table ('Specific Humidity at 850hPa').
The variable attribute 'hus850:cell_methods = 'time: point' is not equivalent to the value specified in the CMOR table ('area: mean time: point').
The variable attribute 'hus850:cell_measures = 'unset' is not equivalent to the value specified in the CMOR table ('area: areacella').
The grid_mapping_name 'rotated_latitude_longitude' requires the variables 'rlat' and 'rlon' to be present in the file defining the native coordinate system used by the RCM.
The global attribute 'institution' is not compliant with the CV: 'International Centre for Theoretical Physics' instead of 'The Abdus Salam International Centre for Theoretical Physics, Trieste, Italy'.
The 'version' element in the path is not of the format 'vYYYYMMDD': 'hus850'.
DRS path building block 'version_realization' does not comply with the CORDEX-CMIP6 Archive Specifications: 'RegCM5-0'. Expected pattern: 'v[1-9]\d*-r[1-9]\d*', eg. 'v1-r3'.
",390,391,0,1,0,,"attribute hus850:_QuantizeBitGroomNumberOfSignificantDigits should begin with a letter and be composed of letters, digits, and underscores
",
/mnt/CORDEX_CMIP6_tmp/sim_data/CORDEX-CMIP6/DD/EUR-12/ICTP/NorESM2-MM/historical/r1i1p1f1/RegCM5-0/v1-r1/6hr/hus925/hus925_EUR-12_NorESM2-MM_historical_r1i1p1f1_ICTP_RegCM5-0_v1-r1_6hr_197901010600-198001010000.nc,hus925,EUR-12,NorESM2-MM,historical,r1i1p1f1,ICTP,RegCM5-0,v1-r1,6hr,hus925,71,86,10,5,0,,"Your 'calendar' attribute is not one of the recommended calendars ('standard', 'proleptic_gregorian'): 'noleap'. The use of another calendar is OK in case it has been inherited from the driving model.
It is recommended that data should be compressed with a 'deflate level' of '1' and enabled 'shuffle' option. The data is compressed with a higher 'deflate level' than recommended, this can lead to performance issues when accessing the data.
The first timestep differs from expectation ('1979-01-01 00:00:00'): '1979-01-01 06:00:00'. '1' full simulation year is expected in the data file for frequency '6hr'.
The last timestep differs from expectation ('1979-12-31 18:00:00'): '1980-01-01 00:00:00'. '1' full simulation year is expected in the data file for frequency '6hr'.
It is recommended for the variables 'rlat' and 'rlon' or 'x' and 'y' to have bounds defined.
It is recommended for the variables 'lat' and 'lon' to have bounds defined.
","DRS path building block 'frequency' does not comply with the CV: 'v1-r1'. Allowed values: '1hr', '3hr', '6hr', ...
DRS path building block 'source_id' does not comply with the CV: 'r1i1p1f1'. Allowed values: 'ALARO1-SFX', 'BARPA-R1-NN', 'CCAM-v2105', ...
DRS path building block 'driving_variant_label' does not comply with the CV: 'historical'. Expected value/pattern: 'r[[:digit:]]\{1,\}i[[:digit:]]\{1,\}p[[:digit:]]\{1,\}f[[:digit:]]\{1,\}$'.
DRS path building block 'driving_experiment_id' does not comply with the CV: 'NorESM2-MM'. Allowed values: 'evaluation', 'historical', 'ssp119', ...
DRS path building block 'driving_source_id' does not comply with the CV: 'ICTP'. Allowed values: '4AOP-v1-5', 'ACCESS-CM2', 'ACCESS-ESM1-5', ...
DRS path building block 'institution_id' does not comply with the CV: 'EUR-12'. Allowed values: 'AUTH', 'BAS', 'BCCR-UCAN', ...
DRS path building block 'domain_id' does not comply with the CV: 'DD'. Allowed values: 'SAM-50', 'CAM-50', 'NAM-50', ...
DRS path building block 'activity_id' does not comply with the CV: 'CORDEX-CMIP6'. Allowed values: 'DD', 'ESD'.
DRS path building block 'project_id' does not comply with the CV: 'sim_data'. Expected value/pattern: 'CORDEX-CMIP6'.
Value for DRS building block 'activity_id' is not consistent between 'file path' and 'global attributes': 'CORDEX-CMIP6' and 'DD'.
Value for DRS building block 'domain_id' is not consistent between 'file name' and 'file path' and 'global attributes': 'EUR-12' and 'DD' and 'EUR-12'.
Value for DRS building block 'driving_experiment_id' is not consistent between 'file name' and 'file path' and 'global attributes': 'historical' and 'NorESM2-MM' and 'historical'.
Value for DRS building block 'driving_source_id' is not consistent between 'file name' and 'file path' and 'global attributes': 'NorESM2-MM' and 'ICTP' and 'NorESM2-MM'.
Value for DRS building block 'driving_variant_label' is not consistent between 'file name' and 'file path' and 'global attributes': 'r1i1p1f1' and 'historical' and 'r1i1p1f1'.
Value for DRS building block 'frequency' is not consistent between 'file name' and 'file path' and 'global attributes': '6hr' and 'v1-r1' and '6hr'.
Value for DRS building block 'institution_id' is not consistent between 'file name' and 'file path' and 'global attributes': 'ICTP' and 'EUR-12' and 'ICTP'.
Value for DRS building block 'project_id' is not consistent between 'file path' and 'global attributes': 'sim_data' and 'CORDEX-CMIP6'.
Value for DRS building block 'source_id' is not consistent between 'file name' and 'file path' and 'global attributes': 'RegCM5-0' and 'r1i1p1f1' and 'RegCM5-0'.
Value for DRS building block 'variable_id' is not consistent between 'file name' and 'file path' and 'global attributes': 'hus925' and '6hr' and 'hus925'.
Value for DRS building block 'version_realization' is not consistent between 'file name' and 'file path' and 'global attributes': 'v1-r1' and 'RegCM5-0' and 'v1-r1'.
Global attribute 'license' does not comply with the CV: 'Creative Commons Attribution 4.0 International License (CC BY 4.0; https://creativecommons.org/licenses/by/4.0).'. Expected value/pattern: 'https://cordex.org/data-access/cordex-cmip6-data/cordex-cmip6-terms-of-use'.
Global attribute 'license' does not comply with the CV: 'Creative Commons Attribution 4.0 International License (CC BY 4.0; https://creativecommons.org/licenses/by/4.0).'. Expected value/pattern: 'https://cordex.org/data-access/cordex-cmip6-data/cordex-cmip6-terms-of-use'.
Global attribute 'source' does not comply with the CV: 'The ICTP RegCM version 5 using non hydrostatic MOLOCH dynamical core'. Expected value/pattern: 'The ICTP RegCM version 5 using non hydrostatic MOLOCH dynamical core (2023)'.
Global attribute 'tracking_id' does not comply with the CV: 'fb8e3276-6363-11f0-aa6e-00001029fe80'. Expected value/pattern: 'hdl:21.14103/.*'.
The CMOR table denoted by the global attribute 'table_id' is not the expected one ('6hr'): 'unknown'.
Your time axis' 'units' attribute differs from the allowed values ('days since 1950-01-01T00:00:00Z', 'days since 1850-01-01T00:00:00Z' if the pre-1950 era is included in the group's simulations): 'hours since 1950-01-01 00:00:00'.
The dimension / coordinate 'longitude' of the variable 'hus925' requires bounds to be defined.
The dimension / coordinate 'latitude' of the variable 'hus925' requires bounds to be defined.
The variable attribute 'hus925:long_name = 'Specific Humidity' is not equivalent to the value specified in the CMOR table ('Specific Humidity at 925hPa').
The variable attribute 'hus925:cell_methods = 'time: point' is not equivalent to the value specified in the CMOR table ('area: mean time: point').
The variable attribute 'hus925:cell_measures = 'unset' is not equivalent to the value specified in the CMOR table ('area: areacella').
The grid_mapping_name 'rotated_latitude_longitude' requires the variables 'rlat' and 'rlon' to be present in the file defining the native coordinate system used by the RCM.
The global attribute 'institution' is not compliant with the CV: 'International Centre for Theoretical Physics' instead of 'The Abdus Salam International Centre for Theoretical Physics, Trieste, Italy'.
The 'version' element in the path is not of the format 'vYYYYMMDD': 'hus925'.
DRS path building block 'version_realization' does not comply with the CORDEX-CMIP6 Archive Specifications: 'RegCM5-0'. Expected pattern: 'v[1-9]\d*-r[1-9]\d*', eg. 'v1-r3'.
",390,391,0,1,0,,"attribute hus925:_QuantizeBitGroomNumberOfSignificantDigits should begin with a letter and be composed of letters, digits, and underscores
",
/mnt/CORDEX_CMIP6_tmp/sim_data/CORDEX-CMIP6/DD/EUR-12/ICTP/NorESM2-MM/historical/r1i1p1f1/RegCM5-0/v1-r1/6hr/ta850/ta850_EUR-12_NorESM2-MM_historical_r1i1p1f1_ICTP_RegCM5-0_v1-r1_6hr_199001010600-199101010000.nc,ta850,EUR-12,NorESM2-MM,historical,r1i1p1f1,ICTP,RegCM5-0,v1-r1,6hr,ta850,71,86,10,5,0,,"Your 'calendar' attribute is not one of the recommended calendars ('standard', 'proleptic_gregorian'): 'noleap'. The use of another calendar is OK in case it has been inherited from the driving model.
It is recommended that data should be compressed with a 'deflate level' of '1' and enabled 'shuffle' option. The data is compressed with a higher 'deflate level' than recommended, this can lead to performance issues when accessing the data.
The first timestep differs from expectation ('1990-01-01 00:00:00'): '1990-01-01 06:00:00'. '1' full simulation year is expected in the data file for frequency '6hr'.
The last timestep differs from expectation ('1990-12-31 18:00:00'): '1991-01-01 00:00:00'. '1' full simulation year is expected in the data file for frequency '6hr'.
It is recommended for the variables 'rlat' and 'rlon' or 'x' and 'y' to have bounds defined.
It is recommended for the variables 'lat' and 'lon' to have bounds defined.
","DRS path building block 'frequency' does not comply with the CV: 'v1-r1'. Allowed values: '1hr', '3hr', '6hr', ...
DRS path building block 'source_id' does not comply with the CV: 'r1i1p1f1'. Allowed values: 'ALARO1-SFX', 'BARPA-R1-NN', 'CCAM-v2105', ...
DRS path building block 'driving_variant_label' does not comply with the CV: 'historical'. Expected value/pattern: 'r[[:digit:]]\{1,\}i[[:digit:]]\{1,\}p[[:digit:]]\{1,\}f[[:digit:]]\{1,\}$'.
DRS path building block 'driving_experiment_id' does not comply with the CV: 'NorESM2-MM'. Allowed values: 'evaluation', 'historical', 'ssp119', ...
DRS path building block 'driving_source_id' does not comply with the CV: 'ICTP'. Allowed values: '4AOP-v1-5', 'ACCESS-CM2', 'ACCESS-ESM1-5', ...
DRS path building block 'institution_id' does not comply with the CV: 'EUR-12'. Allowed values: 'AUTH', 'BAS', 'BCCR-UCAN', ...
DRS path building block 'domain_id' does not comply with the CV: 'DD'. Allowed values: 'SAM-50', 'CAM-50', 'NAM-50', ...
DRS path building block 'activity_id' does not comply with the CV: 'CORDEX-CMIP6'. Allowed values: 'DD', 'ESD'.
DRS path building block 'project_id' does not comply with the CV: 'sim_data'. Expected value/pattern: 'CORDEX-CMIP6'.
Value for DRS building block 'activity_id' is not consistent between 'file path' and 'global attributes': 'CORDEX-CMIP6' and 'DD'.
Value for DRS building block 'domain_id' is not consistent between 'file name' and 'file path' and 'global attributes': 'EUR-12' and 'DD' and 'EUR-12'.
Value for DRS building block 'driving_experiment_id' is not consistent between 'file name' and 'file path' and 'global attributes': 'historical' and 'NorESM2-MM' and 'historical'.
Value for DRS building block 'driving_source_id' is not consistent between 'file name' and 'file path' and 'global attributes': 'NorESM2-MM' and 'ICTP' and 'NorESM2-MM'.
Value for DRS building block 'driving_variant_label' is not consistent between 'file name' and 'file path' and 'global attributes': 'r1i1p1f1' and 'historical' and 'r1i1p1f1'.
Value for DRS building block 'frequency' is not consistent between 'file name' and 'file path' and 'global attributes': '6hr' and 'v1-r1' and '6hr'.
Value for DRS building block 'institution_id' is not consistent between 'file name' and 'file path' and 'global attributes': 'ICTP' and 'EUR-12' and 'ICTP'.
Value for DRS building block 'project_id' is not consistent between 'file path' and 'global attributes': 'sim_data' and 'CORDEX-CMIP6'.
Value for DRS building block 'source_id' is not consistent between 'file name' and 'file path' and 'global attributes': 'RegCM5-0' and 'r1i1p1f1' and 'RegCM5-0'.
Value for DRS building block 'variable_id' is not consistent between 'file name' and 'file path' and 'global attributes': 'ta850' and '6hr' and 'ta850'.
Value for DRS building block 'version_realization' is not consistent between 'file name' and 'file path' and 'global attributes': 'v1-r1' and 'RegCM5-0' and 'v1-r1'.
Global attribute 'license' does not comply with the CV: 'Creative Commons Attribution 4.0 International License (CC BY 4.0; https://creativecommons.org/licenses/by/4.0).'. Expected value/pattern: 'https://cordex.org/data-access/cordex-cmip6-data/cordex-cmip6-terms-of-use'.
Global attribute 'license' does not comply with the CV: 'Creative Commons Attribution 4.0 International License (CC BY 4.0; https://creativecommons.org/licenses/by/4.0).'. Expected value/pattern: 'https://cordex.org/data-access/cordex-cmip6-data/cordex-cmip6-terms-of-use'.
Global attribute 'source' does not comply with the CV: 'The ICTP RegCM version 5 using non hydrostatic MOLOCH dynamical core'. Expected value/pattern: 'The ICTP RegCM version 5 using non hydrostatic MOLOCH dynamical core (2023)'.
Global attribute 'tracking_id' does not comply with the CV: 'd0758562-6bc4-11f0-9c54-00001029fe80'. Expected value/pattern: 'hdl:21.14103/.*'.
The CMOR table denoted by the global attribute 'table_id' is not the expected one ('6hr'): 'unknown'.
Your time axis' 'units' attribute differs from the allowed values ('days since 1950-01-01T00:00:00Z', 'days since 1850-01-01T00:00:00Z' if the pre-1950 era is included in the group's simulations): 'hours since 1950-01-01 00:00:00'.
The dimension / coordinate 'longitude' of the variable 'ta850' requires bounds to be defined.
The dimension / coordinate 'latitude' of the variable 'ta850' requires bounds to be defined.
The variable attribute 'ta850:long_name = 'Air Temperature' is not equivalent to the value specified in the CMOR table ('Air Temperature at 850hPa').
The variable attribute 'ta850:cell_methods = 'time: point' is not equivalent to the value specified in the CMOR table ('area: mean time: point').
The variable attribute 'ta850:cell_measures = 'unset' is not equivalent to the value specified in the CMOR table ('area: areacella').
The grid_mapping_name 'rotated_latitude_longitude' requires the variables 'rlat' and 'rlon' to be present in the file defining the native coordinate system used by the RCM.
The global attribute 'institution' is not compliant with the CV: 'International Centre for Theoretical Physics' instead of 'The Abdus Salam International Centre for Theoretical Physics, Trieste, Italy'.
The 'version' element in the path is not of the format 'vYYYYMMDD': 'ta850'.
DRS path building block 'version_realization' does not comply with the CORDEX-CMIP6 Archive Specifications: 'RegCM5-0'. Expected pattern: 'v[1-9]\d*-r[1-9]\d*', eg. 'v1-r3'.
",390,392,0,2,0,,"attribute ta850:_QuantizeBitGroomNumberOfSignificantDigits should begin with a letter and be composed of letters, digits, and underscores
Variable ta850 has a temperature related standard_name and it is recommended that the units_metadata attribute is present and has one of the values ['temperature: difference', 'temperature: on_scale', 'temperature: unknown']
",
/mnt/CORDEX_CMIP6_tmp/sim_data/CORDEX-CMIP6/DD/EUR-12/ICTP/NorESM2-MM/historical/r1i1p1f1/RegCM5-0/v1-r1/6hr/ua1000/ua1000_EUR-12_NorESM2-MM_historical_r1i1p1f1_ICTP_RegCM5-0_v1-r1_6hr_197401010600-197501010000.nc,ua1000,EUR-12,NorESM2-MM,historical,r1i1p1f1,ICTP,RegCM5-0,v1-r1,6hr,ua1000,71,86,10,5,0,,"Your 'calendar' attribute is not one of the recommended calendars ('standard', 'proleptic_gregorian'): 'noleap'. The use of another calendar is OK in case it has been inherited from the driving model.
It is recommended that data should be compressed with a 'deflate level' of '1' and enabled 'shuffle' option. The data is compressed with a higher 'deflate level' than recommended, this can lead to performance issues when accessing the data.
The first timestep differs from expectation ('1974-01-01 00:00:00'): '1974-01-01 06:00:00'. '1' full simulation year is expected in the data file for frequency '6hr'.
The last timestep differs from expectation ('1974-12-31 18:00:00'): '1975-01-01 00:00:00'. '1' full simulation year is expected in the data file for frequency '6hr'.
It is recommended for the variables 'rlat' and 'rlon' or 'x' and 'y' to have bounds defined.
It is recommended for the variables 'lat' and 'lon' to have bounds defined.
","DRS path building block 'frequency' does not comply with the CV: 'v1-r1'. Allowed values: '1hr', '3hr', '6hr', ...
DRS path building block 'source_id' does not comply with the CV: 'r1i1p1f1'. Allowed values: 'ALARO1-SFX', 'BARPA-R1-NN', 'CCAM-v2105', ...
DRS path building block 'driving_variant_label' does not comply with the CV: 'historical'. Expected value/pattern: 'r[[:digit:]]\{1,\}i[[:digit:]]\{1,\}p[[:digit:]]\{1,\}f[[:digit:]]\{1,\}$'.
DRS path building block 'driving_experiment_id' does not comply with the CV: 'NorESM2-MM'. Allowed values: 'evaluation', 'historical', 'ssp119', ...
DRS path building block 'driving_source_id' does not comply with the CV: 'ICTP'. Allowed values: '4AOP-v1-5', 'ACCESS-CM2', 'ACCESS-ESM1-5', ...
DRS path building block 'institution_id' does not comply with the CV: 'EUR-12'. Allowed values: 'AUTH', 'BAS', 'BCCR-UCAN', ...
DRS path building block 'domain_id' does not comply with the CV: 'DD'. Allowed values: 'SAM-50', 'CAM-50', 'NAM-50', ...
DRS path building block 'activity_id' does not comply with the CV: 'CORDEX-CMIP6'. Allowed values: 'DD', 'ESD'.
DRS path building block 'project_id' does not comply with the CV: 'sim_data'. Expected value/pattern: 'CORDEX-CMIP6'.
Value for DRS building block 'activity_id' is not consistent between 'file path' and 'global attributes': 'CORDEX-CMIP6' and 'DD'.
Value for DRS building block 'domain_id' is not consistent between 'file name' and 'file path' and 'global attributes': 'EUR-12' and 'DD' and 'EUR-12'.
Value for DRS building block 'driving_experiment_id' is not consistent between 'file name' and 'file path' and 'global attributes': 'historical' and 'NorESM2-MM' and 'historical'.
Value for DRS building block 'driving_source_id' is not consistent between 'file name' and 'file path' and 'global attributes': 'NorESM2-MM' and 'ICTP' and 'NorESM2-MM'.
Value for DRS building block 'driving_variant_label' is not consistent between 'file name' and 'file path' and 'global attributes': 'r1i1p1f1' and 'historical' and 'r1i1p1f1'.
Value for DRS building block 'frequency' is not consistent between 'file name' and 'file path' and 'global attributes': '6hr' and 'v1-r1' and '6hr'.
Value for DRS building block 'institution_id' is not consistent between 'file name' and 'file path' and 'global attributes': 'ICTP' and 'EUR-12' and 'ICTP'.
Value for DRS building block 'project_id' is not consistent between 'file path' and 'global attributes': 'sim_data' and 'CORDEX-CMIP6'.
Value for DRS building block 'source_id' is not consistent between 'file name' and 'file path' and 'global attributes': 'RegCM5-0' and 'r1i1p1f1' and 'RegCM5-0'.
Value for DRS building block 'variable_id' is not consistent between 'file name' and 'file path' and 'global attributes': 'ua1000' and '6hr' and 'ua1000'.
Value for DRS building block 'version_realization' is not consistent between 'file name' and 'file path' and 'global attributes': 'v1-r1' and 'RegCM5-0' and 'v1-r1'.
Global attribute 'license' does not comply with the CV: 'Creative Commons Attribution 4.0 International License (CC BY 4.0; https://creativecommons.org/licenses/by/4.0).'. Expected value/pattern: 'https://cordex.org/data-access/cordex-cmip6-data/cordex-cmip6-terms-of-use'.
Global attribute 'license' does not comply with the CV: 'Creative Commons Attribution 4.0 International License (CC BY 4.0; https://creativecommons.org/licenses/by/4.0).'. Expected value/pattern: 'https://cordex.org/data-access/cordex-cmip6-data/cordex-cmip6-terms-of-use'.
Global attribute 'source' does not comply with the CV: 'The ICTP RegCM version 5 using non hydrostatic MOLOCH dynamical core'. Expected value/pattern: 'The ICTP RegCM version 5 using non hydrostatic MOLOCH dynamical core (2023)'.
Global attribute 'tracking_id' does not comply with the CV: 'ba0fb118-6362-11f0-8f12-00001029fe80'. Expected value/pattern: 'hdl:21.14103/.*'.
The CMOR table denoted by the global attribute 'table_id' is not the expected one ('6hr'): 'unknown'.
Your time axis' 'units' attribute differs from the allowed values ('days since 1950-01-01T00:00:00Z', 'days since 1850-01-01T00:00:00Z' if the pre-1950 era is included in the group's simulations): 'hours since 1950-01-01 00:00:00'.
The dimension / coordinate 'longitude' of the variable 'ua1000' requires bounds to be defined.
The dimension / coordinate 'latitude' of the variable 'ua1000' requires bounds to be defined.
The variable attribute 'ua1000:long_name = 'Eastward Wind' is not equivalent to the value specified in the CMOR table ('Eastward Wind at 1000hPa').
The variable attribute 'ua1000:cell_methods = 'time: point' is not equivalent to the value specified in the CMOR table ('area: mean time: point').
The variable attribute 'ua1000:cell_measures = 'unset' is not equivalent to the value specified in the CMOR table ('area: areacella').
The grid_mapping_name 'rotated_latitude_longitude' requires the variables 'rlat' and 'rlon' to be present in the file defining the native coordinate system used by the RCM.
The global attribute 'institution' is not compliant with the CV: 'International Centre for Theoretical Physics' instead of 'The Abdus Salam International Centre for Theoretical Physics, Trieste, Italy'.
The 'version' element in the path is not of the format 'vYYYYMMDD': 'ua1000'.
DRS path building block 'version_realization' does not comply with the CORDEX-CMIP6 Archive Specifications: 'RegCM5-0'. Expected pattern: 'v[1-9]\d*-r[1-9]\d*', eg. 'v1-r3'.
",390,391,0,1,0,,"attribute ua1000:_QuantizeBitGroomNumberOfSignificantDigits should begin with a letter and be composed of letters, digits, and underscores
",
/mnt/CORDEX_CMIP6_tmp/sim_data/CORDEX-CMIP6/DD/EUR-12/ICTP/NorESM2-MM/historical/r1i1p1f1/RegCM5-0/v1-r1/6hr/ua200/ua200_EUR-12_NorESM2-MM_historical_r1i1p1f1_ICTP_RegCM5-0_v1-r1_6hr_199101010600-199201010000.nc,ua200,EUR-12,NorESM2-MM,historical,r1i1p1f1,ICTP,RegCM5-0,v1-r1,6hr,ua200,71,86,10,5,0,,"Your 'calendar' attribute is not one of the recommended calendars ('standard', 'proleptic_gregorian'): 'noleap'. The use of another calendar is OK in case it has been inherited from the driving model.
It is recommended that data should be compressed with a 'deflate level' of '1' and enabled 'shuffle' option. The data is compressed with a higher 'deflate level' than recommended, this can lead to performance issues when accessing the data.
The first timestep differs from expectation ('1991-01-01 00:00:00'): '1991-01-01 06:00:00'. '1' full simulation year is expected in the data file for frequency '6hr'.
The last timestep differs from expectation ('1991-12-31 18:00:00'): '1992-01-01 00:00:00'. '1' full simulation year is expected in the data file for frequency '6hr'.
It is recommended for the variables 'rlat' and 'rlon' or 'x' and 'y' to have bounds defined.
It is recommended for the variables 'lat' and 'lon' to have bounds defined.
","DRS path building block 'frequency' does not comply with the CV: 'v1-r1'. Allowed values: '1hr', '3hr', '6hr', ...
DRS path building block 'source_id' does not comply with the CV: 'r1i1p1f1'. Allowed values: 'ALARO1-SFX', 'BARPA-R1-NN', 'CCAM-v2105', ...
DRS path building block 'driving_variant_label' does not comply with the CV: 'historical'. Expected value/pattern: 'r[[:digit:]]\{1,\}i[[:digit:]]\{1,\}p[[:digit:]]\{1,\}f[[:digit:]]\{1,\}$'.
DRS path building block 'driving_experiment_id' does not comply with the CV: 'NorESM2-MM'. Allowed values: 'evaluation', 'historical', 'ssp119', ...
DRS path building block 'driving_source_id' does not comply with the CV: 'ICTP'. Allowed values: '4AOP-v1-5', 'ACCESS-CM2', 'ACCESS-ESM1-5', ...
DRS path building block 'institution_id' does not comply with the CV: 'EUR-12'. Allowed values: 'AUTH', 'BAS', 'BCCR-UCAN', ...
DRS path building block 'domain_id' does not comply with the CV: 'DD'. Allowed values: 'SAM-50', 'CAM-50', 'NAM-50', ...
DRS path building block 'activity_id' does not comply with the CV: 'CORDEX-CMIP6'. Allowed values: 'DD', 'ESD'.
DRS path building block 'project_id' does not comply with the CV: 'sim_data'. Expected value/pattern: 'CORDEX-CMIP6'.
Value for DRS building block 'activity_id' is not consistent between 'file path' and 'global attributes': 'CORDEX-CMIP6' and 'DD'.
Value for DRS building block 'domain_id' is not consistent between 'file name' and 'file path' and 'global attributes': 'EUR-12' and 'DD' and 'EUR-12'.
Value for DRS building block 'driving_experiment_id' is not consistent between 'file name' and 'file path' and 'global attributes': 'historical' and 'NorESM2-MM' and 'historical'.
Value for DRS building block 'driving_source_id' is not consistent between 'file name' and 'file path' and 'global attributes': 'NorESM2-MM' and 'ICTP' and 'NorESM2-MM'.
Value for DRS building block 'driving_variant_label' is not consistent between 'file name' and 'file path' and 'global attributes': 'r1i1p1f1' and 'historical' and 'r1i1p1f1'.
Value for DRS building block 'frequency' is not consistent between 'file name' and 'file path' and 'global attributes': '6hr' and 'v1-r1' and '6hr'.
Value for DRS building block 'institution_id' is not consistent between 'file name' and 'file path' and 'global attributes': 'ICTP' and 'EUR-12' and 'ICTP'.
Value for DRS building block 'project_id' is not consistent between 'file path' and 'global attributes': 'sim_data' and 'CORDEX-CMIP6'.
Value for DRS building block 'source_id' is not consistent between 'file name' and 'file path' and 'global attributes': 'RegCM5-0' and 'r1i1p1f1' and 'RegCM5-0'.
Value for DRS building block 'variable_id' is not consistent between 'file name' and 'file path' and 'global attributes': 'ua200' and '6hr' and 'ua200'.
Value for DRS building block 'version_realization' is not consistent between 'file name' and 'file path' and 'global attributes': 'v1-r1' and 'RegCM5-0' and 'v1-r1'.
Global attribute 'license' does not comply with the CV: 'Creative Commons Attribution 4.0 International License (CC BY 4.0; https://creativecommons.org/licenses/by/4.0).'. Expected value/pattern: 'https://cordex.org/data-access/cordex-cmip6-data/cordex-cmip6-terms-of-use'.
Global attribute 'license' does not comply with the CV: 'Creative Commons Attribution 4.0 International License (CC BY 4.0; https://creativecommons.org/licenses/by/4.0).'. Expected value/pattern: 'https://cordex.org/data-access/cordex-cmip6-data/cordex-cmip6-terms-of-use'.
Global attribute 'source' does not comply with the CV: 'The ICTP RegCM version 5 using non hydrostatic MOLOCH dynamical core'. Expected value/pattern: 'The ICTP RegCM version 5 using non hydrostatic MOLOCH dynamical core (2023)'.
Global attribute 'tracking_id' does not comply with the CV: 'bfa304ac-6bcf-11f0-ab74-00001029fe80'. Expected value/pattern: 'hdl:21.14103/.*'.
The CMOR table denoted by the global attribute 'table_id' is not the expected one ('6hr'): 'unknown'.
Your time axis' 'units' attribute differs from the allowed values ('days since 1950-01-01T00:00:00Z', 'days since 1850-01-01T00:00:00Z' if the pre-1950 era is included in the group's simulations): 'hours since 1950-01-01 00:00:00'.
The dimension / coordinate 'longitude' of the variable 'ua200' requires bounds to be defined.
The dimension / coordinate 'latitude' of the variable 'ua200' requires bounds to be defined.
The variable attribute 'ua200:long_name = 'Eastward Wind' is not equivalent to the value specified in the CMOR table ('Eastward Wind at 200hPa').
The variable attribute 'ua200:cell_methods = 'time: point' is not equivalent to the value specified in the CMOR table ('area: mean time: point').
The variable attribute 'ua200:cell_measures = 'unset' is not equivalent to the value specified in the CMOR table ('area: areacella').
The grid_mapping_name 'rotated_latitude_longitude' requires the variables 'rlat' and 'rlon' to be present in the file defining the native coordinate system used by the RCM.
The global attribute 'institution' is not compliant with the CV: 'International Centre for Theoretical Physics' instead of 'The Abdus Salam International Centre for Theoretical Physics, Trieste, Italy'.
The 'version' element in the path is not of the format 'vYYYYMMDD': 'ua200'.
DRS path building block 'version_realization' does not comply with the CORDEX-CMIP6 Archive Specifications: 'RegCM5-0'. Expected pattern: 'v[1-9]\d*-r[1-9]\d*', eg. 'v1-r3'.
",390,391,0,1,0,,"attribute ua200:_QuantizeBitGroomNumberOfSignificantDigits should begin with a letter and be composed of letters, digits, and underscores
",
/mnt/CORDEX_CMIP6_tmp/sim_data/CORDEX-CMIP6/DD/EUR-12/ICTP/NorESM2-MM/historical/r1i1p1f1/RegCM5-0/v1-r1/6hr/ua250/ua250_EUR-12_NorESM2-MM_historical_r1i1p1f1_ICTP_RegCM5-0_v1-r1_6hr_197301010600-197401010000.nc,ua250,EUR-12,NorESM2-MM,historical,r1i1p1f1,ICTP,RegCM5-0,v1-r1,6hr,ua250,71,86,10,5,0,,"Your 'calendar' attribute is not one of the recommended calendars ('standard', 'proleptic_gregorian'): 'noleap'. The use of another calendar is OK in case it has been inherited from the driving model.
It is recommended that data should be compressed with a 'deflate level' of '1' and enabled 'shuffle' option. The data is compressed with a higher 'deflate level' than recommended, this can lead to performance issues when accessing the data.
The first timestep differs from expectation ('1973-01-01 00:00:00'): '1973-01-01 06:00:00'. '1' full simulation year is expected in the data file for frequency '6hr'.
The last timestep differs from expectation ('1973-12-31 18:00:00'): '1974-01-01 00:00:00'. '1' full simulation year is expected in the data file for frequency '6hr'.
It is recommended for the variables 'rlat' and 'rlon' or 'x' and 'y' to have bounds defined.
It is recommended for the variables 'lat' and 'lon' to have bounds defined.
","DRS path building block 'frequency' does not comply with the CV: 'v1-r1'. Allowed values: '1hr', '3hr', '6hr', ...
DRS path building block 'source_id' does not comply with the CV: 'r1i1p1f1'. Allowed values: 'ALARO1-SFX', 'BARPA-R1-NN', 'CCAM-v2105', ...
DRS path building block 'driving_variant_label' does not comply with the CV: 'historical'. Expected value/pattern: 'r[[:digit:]]\{1,\}i[[:digit:]]\{1,\}p[[:digit:]]\{1,\}f[[:digit:]]\{1,\}$'.
DRS path building block 'driving_experiment_id' does not comply with the CV: 'NorESM2-MM'. Allowed values: 'evaluation', 'historical', 'ssp119', ...
DRS path building block 'driving_source_id' does not comply with the CV: 'ICTP'. Allowed values: '4AOP-v1-5', 'ACCESS-CM2', 'ACCESS-ESM1-5', ...
DRS path building block 'institution_id' does not comply with the CV: 'EUR-12'. Allowed values: 'AUTH', 'BAS', 'BCCR-UCAN', ...
DRS path building block 'domain_id' does not comply with the CV: 'DD'. Allowed values: 'SAM-50', 'CAM-50', 'NAM-50', ...
DRS path building block 'activity_id' does not comply with the CV: 'CORDEX-CMIP6'. Allowed values: 'DD', 'ESD'.
DRS path building block 'project_id' does not comply with the CV: 'sim_data'. Expected value/pattern: 'CORDEX-CMIP6'.
Value for DRS building block 'activity_id' is not consistent between 'file path' and 'global attributes': 'CORDEX-CMIP6' and 'DD'.
Value for DRS building block 'domain_id' is not consistent between 'file name' and 'file path' and 'global attributes': 'EUR-12' and 'DD' and 'EUR-12'.
Value for DRS building block 'driving_experiment_id' is not consistent between 'file name' and 'file path' and 'global attributes': 'historical' and 'NorESM2-MM' and 'historical'.
Value for DRS building block 'driving_source_id' is not consistent between 'file name' and 'file path' and 'global attributes': 'NorESM2-MM' and 'ICTP' and 'NorESM2-MM'.
Value for DRS building block 'driving_variant_label' is not consistent between 'file name' and 'file path' and 'global attributes': 'r1i1p1f1' and 'historical' and 'r1i1p1f1'.
Value for DRS building block 'frequency' is not consistent between 'file name' and 'file path' and 'global attributes': '6hr' and 'v1-r1' and '6hr'.
Value for DRS building block 'institution_id' is not consistent between 'file name' and 'file path' and 'global attributes': 'ICTP' and 'EUR-12' and 'ICTP'.
Value for DRS building block 'project_id' is not consistent between 'file path' and 'global attributes': 'sim_data' and 'CORDEX-CMIP6'.
Value for DRS building block 'source_id' is not consistent between 'file name' and 'file path' and 'global attributes': 'RegCM5-0' and 'r1i1p1f1' and 'RegCM5-0'.
Value for DRS building block 'variable_id' is not consistent between 'file name' and 'file path' and 'global attributes': 'ua250' and '6hr' and 'ua250'.
Value for DRS building block 'version_realization' is not consistent between 'file name' and 'file path' and 'global attributes': 'v1-r1' and 'RegCM5-0' and 'v1-r1'.
Global attribute 'license' does not comply with the CV: 'Creative Commons Attribution 4.0 International License (CC BY 4.0; https://creativecommons.org/licenses/by/4.0).'. Expected value/pattern: 'https://cordex.org/data-access/cordex-cmip6-data/cordex-cmip6-terms-of-use'.
Global attribute 'license' does not comply with the CV: 'Creative Commons Attribution 4.0 International License (CC BY 4.0; https://creativecommons.org/licenses/by/4.0).'. Expected value/pattern: 'https://cordex.org/data-access/cordex-cmip6-data/cordex-cmip6-terms-of-use'.
Global attribute 'source' does not comply with the CV: 'The ICTP RegCM version 5 using non hydrostatic MOLOCH dynamical core'. Expected value/pattern: 'The ICTP RegCM version 5 using non hydrostatic MOLOCH dynamical core (2023)'.
Global attribute 'tracking_id' does not comply with the CV: 'eecf7380-6361-11f0-8759-00001029fe80'. Expected value/pattern: 'hdl:21.14103/.*'.
The CMOR table denoted by the global attribute 'table_id' is not the expected one ('6hr'): 'unknown'.
Your time axis' 'units' attribute differs from the allowed values ('days since 1950-01-01T00:00:00Z', 'days since 1850-01-01T00:00:00Z' if the pre-1950 era is included in the group's simulations): 'hours since 1950-01-01 00:00:00'.
The dimension / coordinate 'longitude' of the variable 'ua250' requires bounds to be defined.
The dimension / coordinate 'latitude' of the variable 'ua250' requires bounds to be defined.
The variable attribute 'ua250:long_name = 'Eastward Wind' is not equivalent to the value specified in the CMOR table ('Eastward Wind at 250hPa').
The variable attribute 'ua250:cell_methods = 'time: point' is not equivalent to the value specified in the CMOR table ('area: mean time: point').
The variable attribute 'ua250:cell_measures = 'unset' is not equivalent to the value specified in the CMOR table ('area: areacella').
The grid_mapping_name 'rotated_latitude_longitude' requires the variables 'rlat' and 'rlon' to be present in the file defining the native coordinate system used by the RCM.
The global attribute 'institution' is not compliant with the CV: 'International Centre for Theoretical Physics' instead of 'The Abdus Salam International Centre for Theoretical Physics, Trieste, Italy'.
The 'version' element in the path is not of the format 'vYYYYMMDD': 'ua250'.
DRS path building block 'version_realization' does not comply with the CORDEX-CMIP6 Archive Specifications: 'RegCM5-0'. Expected pattern: 'v[1-9]\d*-r[1-9]\d*', eg. 'v1-r3'.
",390,391,0,1,0,,"attribute ua250:_QuantizeBitGroomNumberOfSignificantDigits should begin with a letter and be composed of letters, digits, and underscores
",
/mnt/CORDEX_CMIP6_tmp/sim_data/CORDEX-CMIP6/DD/EUR-12/ICTP/NorESM2-MM/historical/r1i1p1f1/RegCM5-0/v1-r1/6hr/ua300/ua300_EUR-12_NorESM2-MM_historical_r1i1p1f1_ICTP_RegCM5-0_v1-r1_6hr_197501010600-197601010000.nc,ua300,EUR-12,NorESM2-MM,historical,r1i1p1f1,ICTP,RegCM5-0,v1-r1,6hr,ua300,71,86,10,5,0,,"Your 'calendar' attribute is not one of the recommended calendars ('standard', 'proleptic_gregorian'): 'noleap'. The use of another calendar is OK in case it has been inherited from the driving model.
It is recommended that data should be compressed with a 'deflate level' of '1' and enabled 'shuffle' option. The data is compressed with a higher 'deflate level' than recommended, this can lead to performance issues when accessing the data.
The first timestep differs from expectation ('1975-01-01 00:00:00'): '1975-01-01 06:00:00'. '1' full simulation year is expected in the data file for frequency '6hr'.
The last timestep differs from expectation ('1975-12-31 18:00:00'): '1976-01-01 00:00:00'. '1' full simulation year is expected in the data file for frequency '6hr'.
It is recommended for the variables 'rlat' and 'rlon' or 'x' and 'y' to have bounds defined.
It is recommended for the variables 'lat' and 'lon' to have bounds defined.
","DRS path building block 'frequency' does not comply with the CV: 'v1-r1'. Allowed values: '1hr', '3hr', '6hr', ...
DRS path building block 'source_id' does not comply with the CV: 'r1i1p1f1'. Allowed values: 'ALARO1-SFX', 'BARPA-R1-NN', 'CCAM-v2105', ...
DRS path building block 'driving_variant_label' does not comply with the CV: 'historical'. Expected value/pattern: 'r[[:digit:]]\{1,\}i[[:digit:]]\{1,\}p[[:digit:]]\{1,\}f[[:digit:]]\{1,\}$'.
DRS path building block 'driving_experiment_id' does not comply with the CV: 'NorESM2-MM'. Allowed values: 'evaluation', 'historical', 'ssp119', ...
DRS path building block 'driving_source_id' does not comply with the CV: 'ICTP'. Allowed values: '4AOP-v1-5', 'ACCESS-CM2', 'ACCESS-ESM1-5', ...
DRS path building block 'institution_id' does not comply with the CV: 'EUR-12'. Allowed values: 'AUTH', 'BAS', 'BCCR-UCAN', ...
DRS path building block 'domain_id' does not comply with the CV: 'DD'. Allowed values: 'SAM-50', 'CAM-50', 'NAM-50', ...
DRS path building block 'activity_id' does not comply with the CV: 'CORDEX-CMIP6'. Allowed values: 'DD', 'ESD'.
DRS path building block 'project_id' does not comply with the CV: 'sim_data'. Expected value/pattern: 'CORDEX-CMIP6'.
Value for DRS building block 'activity_id' is not consistent between 'file path' and 'global attributes': 'CORDEX-CMIP6' and 'DD'.
Value for DRS building block 'domain_id' is not consistent between 'file name' and 'file path' and 'global attributes': 'EUR-12' and 'DD' and 'EUR-12'.
Value for DRS building block 'driving_experiment_id' is not consistent between 'file name' and 'file path' and 'global attributes': 'historical' and 'NorESM2-MM' and 'historical'.
Value for DRS building block 'driving_source_id' is not consistent between 'file name' and 'file path' and 'global attributes': 'NorESM2-MM' and 'ICTP' and 'NorESM2-MM'.
Value for DRS building block 'driving_variant_label' is not consistent between 'file name' and 'file path' and 'global attributes': 'r1i1p1f1' and 'historical' and 'r1i1p1f1'.
Value for DRS building block 'frequency' is not consistent between 'file name' and 'file path' and 'global attributes': '6hr' and 'v1-r1' and '6hr'.
Value for DRS building block 'institution_id' is not consistent between 'file name' and 'file path' and 'global attributes': 'ICTP' and 'EUR-12' and 'ICTP'.
Value for DRS building block 'project_id' is not consistent between 'file path' and 'global attributes': 'sim_data' and 'CORDEX-CMIP6'.
Value for DRS building block 'source_id' is not consistent between 'file name' and 'file path' and 'global attributes': 'RegCM5-0' and 'r1i1p1f1' and 'RegCM5-0'.
Value for DRS building block 'variable_id' is not consistent between 'file name' and 'file path' and 'global attributes': 'ua300' and '6hr' and 'ua300'.
Value for DRS building block 'version_realization' is not consistent between 'file name' and 'file path' and 'global attributes': 'v1-r1' and 'RegCM5-0' and 'v1-r1'.
Global attribute 'license' does not comply with the CV: 'Creative Commons Attribution 4.0 International License (CC BY 4.0; https://creativecommons.org/licenses/by/4.0).'. Expected value/pattern: 'https://cordex.org/data-access/cordex-cmip6-data/cordex-cmip6-terms-of-use'.
Global attribute 'license' does not comply with the CV: 'Creative Commons Attribution 4.0 International License (CC BY 4.0; https://creativecommons.org/licenses/by/4.0).'. Expected value/pattern: 'https://cordex.org/data-access/cordex-cmip6-data/cordex-cmip6-terms-of-use'.
Global attribute 'source' does not comply with the CV: 'The ICTP RegCM version 5 using non hydrostatic MOLOCH dynamical core'. Expected value/pattern: 'The ICTP RegCM version 5 using non hydrostatic MOLOCH dynamical core (2023)'.
Global attribute 'tracking_id' does not comply with the CV: '45afc33e-6363-11f0-ada0-00001029fe80'. Expected value/pattern: 'hdl:21.14103/.*'.
The CMOR table denoted by the global attribute 'table_id' is not the expected one ('6hr'): 'unknown'.
Your time axis' 'units' attribute differs from the allowed values ('days since 1950-01-01T00:00:00Z', 'days since 1850-01-01T00:00:00Z' if the pre-1950 era is included in the group's simulations): 'hours since 1950-01-01 00:00:00'.
The dimension / coordinate 'longitude' of the variable 'ua300' requires bounds to be defined.
The dimension / coordinate 'latitude' of the variable 'ua300' requires bounds to be defined.
The variable attribute 'ua300:long_name = 'Eastward Wind' is not equivalent to the value specified in the CMOR table ('Eastward Wind at 300hPa').
The variable attribute 'ua300:cell_methods = 'time: point' is not equivalent to the value specified in the CMOR table ('area: mean time: point').
The variable attribute 'ua300:cell_measures = 'unset' is not equivalent to the value specified in the CMOR table ('area: areacella').
The grid_mapping_name 'rotated_latitude_longitude' requires the variables 'rlat' and 'rlon' to be present in the file defining the native coordinate system used by the RCM.
The global attribute 'institution' is not compliant with the CV: 'International Centre for Theoretical Physics' instead of 'The Abdus Salam International Centre for Theoretical Physics, Trieste, Italy'.
The 'version' element in the path is not of the format 'vYYYYMMDD': 'ua300'.
DRS path building block 'version_realization' does not comply with the CORDEX-CMIP6 Archive Specifications: 'RegCM5-0'. Expected pattern: 'v[1-9]\d*-r[1-9]\d*', eg. 'v1-r3'.
",390,391,0,1,0,,"attribute ua300:_QuantizeBitGroomNumberOfSignificantDigits should begin with a letter and be composed of letters, digits, and underscores
",
/mnt/CORDEX_CMIP6_tmp/sim_data/CORDEX-CMIP6/DD/EUR-12/ICTP/NorESM2-MM/historical/r1i1p1f1/RegCM5-0/v1-r1/6hr/ua400/ua400_EUR-12_NorESM2-MM_historical_r1i1p1f1_ICTP_RegCM5-0_v1-r1_6hr_199701010600-199801010000.nc,ua400,EUR-12,NorESM2-MM,historical,r1i1p1f1,ICTP,RegCM5-0,v1-r1,6hr,ua400,71,86,10,5,0,,"Your 'calendar' attribute is not one of the recommended calendars ('standard', 'proleptic_gregorian'): 'noleap'. The use of another calendar is OK in case it has been inherited from the driving model.
It is recommended that data should be compressed with a 'deflate level' of '1' and enabled 'shuffle' option. The data is compressed with a higher 'deflate level' than recommended, this can lead to performance issues when accessing the data.
The first timestep differs from expectation ('1997-01-01 00:00:00'): '1997-01-01 06:00:00'. '1' full simulation year is expected in the data file for frequency '6hr'.
The last timestep differs from expectation ('1997-12-31 18:00:00'): '1998-01-01 00:00:00'. '1' full simulation year is expected in the data file for frequency '6hr'.
It is recommended for the variables 'rlat' and 'rlon' or 'x' and 'y' to have bounds defined.
It is recommended for the variables 'lat' and 'lon' to have bounds defined.
","DRS path building block 'frequency' does not comply with the CV: 'v1-r1'. Allowed values: '1hr', '3hr', '6hr', ...
DRS path building block 'source_id' does not comply with the CV: 'r1i1p1f1'. Allowed values: 'ALARO1-SFX', 'BARPA-R1-NN', 'CCAM-v2105', ...
DRS path building block 'driving_variant_label' does not comply with the CV: 'historical'. Expected value/pattern: 'r[[:digit:]]\{1,\}i[[:digit:]]\{1,\}p[[:digit:]]\{1,\}f[[:digit:]]\{1,\}$'.
DRS path building block 'driving_experiment_id' does not comply with the CV: 'NorESM2-MM'. Allowed values: 'evaluation', 'historical', 'ssp119', ...
DRS path building block 'driving_source_id' does not comply with the CV: 'ICTP'. Allowed values: '4AOP-v1-5', 'ACCESS-CM2', 'ACCESS-ESM1-5', ...
DRS path building block 'institution_id' does not comply with the CV: 'EUR-12'. Allowed values: 'AUTH', 'BAS', 'BCCR-UCAN', ...
DRS path building block 'domain_id' does not comply with the CV: 'DD'. Allowed values: 'SAM-50', 'CAM-50', 'NAM-50', ...
DRS path building block 'activity_id' does not comply with the CV: 'CORDEX-CMIP6'. Allowed values: 'DD', 'ESD'.
DRS path building block 'project_id' does not comply with the CV: 'sim_data'. Expected value/pattern: 'CORDEX-CMIP6'.
Value for DRS building block 'activity_id' is not consistent between 'file path' and 'global attributes': 'CORDEX-CMIP6' and 'DD'.
Value for DRS building block 'domain_id' is not consistent between 'file name' and 'file path' and 'global attributes': 'EUR-12' and 'DD' and 'EUR-12'.
Value for DRS building block 'driving_experiment_id' is not consistent between 'file name' and 'file path' and 'global attributes': 'historical' and 'NorESM2-MM' and 'historical'.
Value for DRS building block 'driving_source_id' is not consistent between 'file name' and 'file path' and 'global attributes': 'NorESM2-MM' and 'ICTP' and 'NorESM2-MM'.
Value for DRS building block 'driving_variant_label' is not consistent between 'file name' and 'file path' and 'global attributes': 'r1i1p1f1' and 'historical' and 'r1i1p1f1'.
Value for DRS building block 'frequency' is not consistent between 'file name' and 'file path' and 'global attributes': '6hr' and 'v1-r1' and '6hr'.
Value for DRS building block 'institution_id' is not consistent between 'file name' and 'file path' and 'global attributes': 'ICTP' and 'EUR-12' and 'ICTP'.
Value for DRS building block 'project_id' is not consistent between 'file path' and 'global attributes': 'sim_data' and 'CORDEX-CMIP6'.
Value for DRS building block 'source_id' is not consistent between 'file name' and 'file path' and 'global attributes': 'RegCM5-0' and 'r1i1p1f1' and 'RegCM5-0'.
Value for DRS building block 'variable_id' is not consistent between 'file name' and 'file path' and 'global attributes': 'ua400' and '6hr' and 'ua400'.
Value for DRS building block 'version_realization' is not consistent between 'file name' and 'file path' and 'global attributes': 'v1-r1' and 'RegCM5-0' and 'v1-r1'.
Global attribute 'license' does not comply with the CV: 'Creative Commons Attribution 4.0 International License (CC BY 4.0; https://creativecommons.org/licenses/by/4.0).'. Expected value/pattern: 'https://cordex.org/data-access/cordex-cmip6-data/cordex-cmip6-terms-of-use'.
Global attribute 'license' does not comply with the CV: 'Creative Commons Attribution 4.0 International License (CC BY 4.0; https://creativecommons.org/licenses/by/4.0).'. Expected value/pattern: 'https://cordex.org/data-access/cordex-cmip6-data/cordex-cmip6-terms-of-use'.
Global attribute 'source' does not comply with the CV: 'The ICTP RegCM version 5 using non hydrostatic MOLOCH dynamical core'. Expected value/pattern: 'The ICTP RegCM version 5 using non hydrostatic MOLOCH dynamical core (2023)'.
Global attribute 'tracking_id' does not comply with the CV: '634aac04-6bee-11f0-9525-00001029fe80'. Expected value/pattern: 'hdl:21.14103/.*'.
The CMOR table denoted by the global attribute 'table_id' is not the expected one ('6hr'): 'unknown'.
Your time axis' 'units' attribute differs from the allowed values ('days since 1950-01-01T00:00:00Z', 'days since 1850-01-01T00:00:00Z' if the pre-1950 era is included in the group's simulations): 'hours since 1950-01-01 00:00:00'.
The dimension / coordinate 'longitude' of the variable 'ua400' requires bounds to be defined.
The dimension / coordinate 'latitude' of the variable 'ua400' requires bounds to be defined.
The variable attribute 'ua400:long_name = 'Eastward Wind' is not equivalent to the value specified in the CMOR table ('Eastward Wind at 400hPa').
The variable attribute 'ua400:cell_methods = 'time: point' is not equivalent to the value specified in the CMOR table ('area: mean time: point').
The variable attribute 'ua400:cell_measures = 'unset' is not equivalent to the value specified in the CMOR table ('area: areacella').
The grid_mapping_name 'rotated_latitude_longitude' requires the variables 'rlat' and 'rlon' to be present in the file defining the native coordinate system used by the RCM.
The global attribute 'institution' is not compliant with the CV: 'International Centre for Theoretical Physics' instead of 'The Abdus Salam International Centre for Theoretical Physics, Trieste, Italy'.
The 'version' element in the path is not of the format 'vYYYYMMDD': 'ua400'.
DRS path building block 'version_realization' does not comply with the CORDEX-CMIP6 Archive Specifications: 'RegCM5-0'. Expected pattern: 'v[1-9]\d*-r[1-9]\d*', eg. 'v1-r3'.
",390,391,0,1,0,,"attribute ua400:_QuantizeBitGroomNumberOfSignificantDigits should begin with a letter and be composed of letters, digits, and underscores
",
/mnt/CORDEX_CMIP6_tmp/sim_data/CORDEX-CMIP6/DD/EUR-12/ICTP/NorESM2-MM/historical/r1i1p1f1/RegCM5-0/v1-r1/6hr/ua500/ua500_EUR-12_NorESM2-MM_historical_r1i1p1f1_ICTP_RegCM5-0_v1-r1_6hr_197201010600-197301010000.nc,ua500,EUR-12,NorESM2-MM,historical,r1i1p1f1,ICTP,RegCM5-0,v1-r1,6hr,ua500,71,86,10,5,0,,"Your 'calendar' attribute is not one of the recommended calendars ('standard', 'proleptic_gregorian'): 'noleap'. The use of another calendar is OK in case it has been inherited from the driving model.
It is recommended that data should be compressed with a 'deflate level' of '1' and enabled 'shuffle' option. The data is compressed with a higher 'deflate level' than recommended, this can lead to performance issues when accessing the data.
The first timestep differs from expectation ('1972-01-01 00:00:00'): '1972-01-01 06:00:00'. '1' full simulation year is expected in the data file for frequency '6hr'.
The last timestep differs from expectation ('1972-12-31 18:00:00'): '1973-01-01 00:00:00'. '1' full simulation year is expected in the data file for frequency '6hr'.
It is recommended for the variables 'rlat' and 'rlon' or 'x' and 'y' to have bounds defined.
It is recommended for the variables 'lat' and 'lon' to have bounds defined.
","DRS path building block 'frequency' does not comply with the CV: 'v1-r1'. Allowed values: '1hr', '3hr', '6hr', ...
DRS path building block 'source_id' does not comply with the CV: 'r1i1p1f1'. Allowed values: 'ALARO1-SFX', 'BARPA-R1-NN', 'CCAM-v2105', ...
DRS path building block 'driving_variant_label' does not comply with the CV: 'historical'. Expected value/pattern: 'r[[:digit:]]\{1,\}i[[:digit:]]\{1,\}p[[:digit:]]\{1,\}f[[:digit:]]\{1,\}$'.
DRS path building block 'driving_experiment_id' does not comply with the CV: 'NorESM2-MM'. Allowed values: 'evaluation', 'historical', 'ssp119', ...
DRS path building block 'driving_source_id' does not comply with the CV: 'ICTP'. Allowed values: '4AOP-v1-5', 'ACCESS-CM2', 'ACCESS-ESM1-5', ...
DRS path building block 'institution_id' does not comply with the CV: 'EUR-12'. Allowed values: 'AUTH', 'BAS', 'BCCR-UCAN', ...
DRS path building block 'domain_id' does not comply with the CV: 'DD'. Allowed values: 'SAM-50', 'CAM-50', 'NAM-50', ...
DRS path building block 'activity_id' does not comply with the CV: 'CORDEX-CMIP6'. Allowed values: 'DD', 'ESD'.
DRS path building block 'project_id' does not comply with the CV: 'sim_data'. Expected value/pattern: 'CORDEX-CMIP6'.
Value for DRS building block 'activity_id' is not consistent between 'file path' and 'global attributes': 'CORDEX-CMIP6' and 'DD'.
Value for DRS building block 'domain_id' is not consistent between 'file name' and 'file path' and 'global attributes': 'EUR-12' and 'DD' and 'EUR-12'.
Value for DRS building block 'driving_experiment_id' is not consistent between 'file name' and 'file path' and 'global attributes': 'historical' and 'NorESM2-MM' and 'historical'.
Value for DRS building block 'driving_source_id' is not consistent between 'file name' and 'file path' and 'global attributes': 'NorESM2-MM' and 'ICTP' and 'NorESM2-MM'.
Value for DRS building block 'driving_variant_label' is not consistent between 'file name' and 'file path' and 'global attributes': 'r1i1p1f1' and 'historical' and 'r1i1p1f1'.
Value for DRS building block 'frequency' is not consistent between 'file name' and 'file path' and 'global attributes': '6hr' and 'v1-r1' and '6hr'.
Value for DRS building block 'institution_id' is not consistent between 'file name' and 'file path' and 'global attributes': 'ICTP' and 'EUR-12' and 'ICTP'.
Value for DRS building block 'project_id' is not consistent between 'file path' and 'global attributes': 'sim_data' and 'CORDEX-CMIP6'.
Value for DRS building block 'source_id' is not consistent between 'file name' and 'file path' and 'global attributes': 'RegCM5-0' and 'r1i1p1f1' and 'RegCM5-0'.
Value for DRS building block 'variable_id' is not consistent between 'file name' and 'file path' and 'global attributes': 'ua500' and '6hr' and 'ua500'.
Value for DRS building block 'version_realization' is not consistent between 'file name' and 'file path' and 'global attributes': 'v1-r1' and 'RegCM5-0' and 'v1-r1'.
Global attribute 'license' does not comply with the CV: 'Creative Commons Attribution 4.0 International License (CC BY 4.0; https://creativecommons.org/licenses/by/4.0).'. Expected value/pattern: 'https://cordex.org/data-access/cordex-cmip6-data/cordex-cmip6-terms-of-use'.
Global attribute 'license' does not comply with the CV: 'Creative Commons Attribution 4.0 International License (CC BY 4.0; https://creativecommons.org/licenses/by/4.0).'. Expected value/pattern: 'https://cordex.org/data-access/cordex-cmip6-data/cordex-cmip6-terms-of-use'.
Global attribute 'source' does not comply with the CV: 'The ICTP RegCM version 5 using non hydrostatic MOLOCH dynamical core'. Expected value/pattern: 'The ICTP RegCM version 5 using non hydrostatic MOLOCH dynamical core (2023)'.
Global attribute 'tracking_id' does not comply with the CV: 'c03639b4-6361-11f0-a0fa-00001029fe80'. Expected value/pattern: 'hdl:21.14103/.*'.
The CMOR table denoted by the global attribute 'table_id' is not the expected one ('6hr'): 'unknown'.
Your time axis' 'units' attribute differs from the allowed values ('days since 1950-01-01T00:00:00Z', 'days since 1850-01-01T00:00:00Z' if the pre-1950 era is included in the group's simulations): 'hours since 1950-01-01 00:00:00'.
The dimension / coordinate 'longitude' of the variable 'ua500' requires bounds to be defined.
The dimension / coordinate 'latitude' of the variable 'ua500' requires bounds to be defined.
The variable attribute 'ua500:long_name = 'Eastward Wind' is not equivalent to the value specified in the CMOR table ('Eastward Wind at 500hPa').
The variable attribute 'ua500:cell_methods = 'time: point' is not equivalent to the value specified in the CMOR table ('area: mean time: point').
The variable attribute 'ua500:cell_measures = 'unset' is not equivalent to the value specified in the CMOR table ('area: areacella').
The grid_mapping_name 'rotated_latitude_longitude' requires the variables 'rlat' and 'rlon' to be present in the file defining the native coordinate system used by the RCM.
The global attribute 'institution' is not compliant with the CV: 'International Centre for Theoretical Physics' instead of 'The Abdus Salam International Centre for Theoretical Physics, Trieste, Italy'.
The 'version' element in the path is not of the format 'vYYYYMMDD': 'ua500'.
DRS path building block 'version_realization' does not comply with the CORDEX-CMIP6 Archive Specifications: 'RegCM5-0'. Expected pattern: 'v[1-9]\d*-r[1-9]\d*', eg. 'v1-r3'.
",390,391,0,1,0,,"attribute ua500:_QuantizeBitGroomNumberOfSignificantDigits should begin with a letter and be composed of letters, digits, and underscores
",
/mnt/CORDEX_CMIP6_tmp/sim_data/CORDEX-CMIP6/DD/EUR-12/ICTP/NorESM2-MM/historical/r1i1p1f1/RegCM5-0/v1-r1/6hr/ua600/ua600_EUR-12_NorESM2-MM_historical_r1i1p1f1_ICTP_RegCM5-0_v1-r1_6hr_197201010600-197301010000.nc,ua600,EUR-12,NorESM2-MM,historical,r1i1p1f1,ICTP,RegCM5-0,v1-r1,6hr,ua600,71,86,10,5,0,,"Your 'calendar' attribute is not one of the recommended calendars ('standard', 'proleptic_gregorian'): 'noleap'. The use of another calendar is OK in case it has been inherited from the driving model.
It is recommended that data should be compressed with a 'deflate level' of '1' and enabled 'shuffle' option. The data is compressed with a higher 'deflate level' than recommended, this can lead to performance issues when accessing the data.
The first timestep differs from expectation ('1972-01-01 00:00:00'): '1972-01-01 06:00:00'. '1' full simulation year is expected in the data file for frequency '6hr'.
The last timestep differs from expectation ('1972-12-31 18:00:00'): '1973-01-01 00:00:00'. '1' full simulation year is expected in the data file for frequency '6hr'.
It is recommended for the variables 'rlat' and 'rlon' or 'x' and 'y' to have bounds defined.
It is recommended for the variables 'lat' and 'lon' to have bounds defined.
","DRS path building block 'frequency' does not comply with the CV: 'v1-r1'. Allowed values: '1hr', '3hr', '6hr', ...
DRS path building block 'source_id' does not comply with the CV: 'r1i1p1f1'. Allowed values: 'ALARO1-SFX', 'BARPA-R1-NN', 'CCAM-v2105', ...
DRS path building block 'driving_variant_label' does not comply with the CV: 'historical'. Expected value/pattern: 'r[[:digit:]]\{1,\}i[[:digit:]]\{1,\}p[[:digit:]]\{1,\}f[[:digit:]]\{1,\}$'.
DRS path building block 'driving_experiment_id' does not comply with the CV: 'NorESM2-MM'. Allowed values: 'evaluation', 'historical', 'ssp119', ...
DRS path building block 'driving_source_id' does not comply with the CV: 'ICTP'. Allowed values: '4AOP-v1-5', 'ACCESS-CM2', 'ACCESS-ESM1-5', ...
DRS path building block 'institution_id' does not comply with the CV: 'EUR-12'. Allowed values: 'AUTH', 'BAS', 'BCCR-UCAN', ...
DRS path building block 'domain_id' does not comply with the CV: 'DD'. Allowed values: 'SAM-50', 'CAM-50', 'NAM-50', ...
DRS path building block 'activity_id' does not comply with the CV: 'CORDEX-CMIP6'. Allowed values: 'DD', 'ESD'.
DRS path building block 'project_id' does not comply with the CV: 'sim_data'. Expected value/pattern: 'CORDEX-CMIP6'.
Value for DRS building block 'activity_id' is not consistent between 'file path' and 'global attributes': 'CORDEX-CMIP6' and 'DD'.
Value for DRS building block 'domain_id' is not consistent between 'file name' and 'file path' and 'global attributes': 'EUR-12' and 'DD' and 'EUR-12'.
Value for DRS building block 'driving_experiment_id' is not consistent between 'file name' and 'file path' and 'global attributes': 'historical' and 'NorESM2-MM' and 'historical'.
Value for DRS building block 'driving_source_id' is not consistent between 'file name' and 'file path' and 'global attributes': 'NorESM2-MM' and 'ICTP' and 'NorESM2-MM'.
Value for DRS building block 'driving_variant_label' is not consistent between 'file name' and 'file path' and 'global attributes': 'r1i1p1f1' and 'historical' and 'r1i1p1f1'.
Value for DRS building block 'frequency' is not consistent between 'file name' and 'file path' and 'global attributes': '6hr' and 'v1-r1' and '6hr'.
Value for DRS building block 'institution_id' is not consistent between 'file name' and 'file path' and 'global attributes': 'ICTP' and 'EUR-12' and 'ICTP'.
Value for DRS building block 'project_id' is not consistent between 'file path' and 'global attributes': 'sim_data' and 'CORDEX-CMIP6'.
Value for DRS building block 'source_id' is not consistent between 'file name' and 'file path' and 'global attributes': 'RegCM5-0' and 'r1i1p1f1' and 'RegCM5-0'.
Value for DRS building block 'variable_id' is not consistent between 'file name' and 'file path' and 'global attributes': 'ua600' and '6hr' and 'ua600'.
Value for DRS building block 'version_realization' is not consistent between 'file name' and 'file path' and 'global attributes': 'v1-r1' and 'RegCM5-0' and 'v1-r1'.
Global attribute 'license' does not comply with the CV: 'Creative Commons Attribution 4.0 International License (CC BY 4.0; https://creativecommons.org/licenses/by/4.0).'. Expected value/pattern: 'https://cordex.org/data-access/cordex-cmip6-data/cordex-cmip6-terms-of-use'.
Global attribute 'license' does not comply with the CV: 'Creative Commons Attribution 4.0 International License (CC BY 4.0; https://creativecommons.org/licenses/by/4.0).'. Expected value/pattern: 'https://cordex.org/data-access/cordex-cmip6-data/cordex-cmip6-terms-of-use'.
Global attribute 'source' does not comply with the CV: 'The ICTP RegCM version 5 using non hydrostatic MOLOCH dynamical core'. Expected value/pattern: 'The ICTP RegCM version 5 using non hydrostatic MOLOCH dynamical core (2023)'.
Global attribute 'tracking_id' does not comply with the CV: 'be230af8-6361-11f0-a0fa-00001029fe80'. Expected value/pattern: 'hdl:21.14103/.*'.
The CMOR table denoted by the global attribute 'table_id' is not the expected one ('6hr'): 'unknown'.
Your time axis' 'units' attribute differs from the allowed values ('days since 1950-01-01T00:00:00Z', 'days since 1850-01-01T00:00:00Z' if the pre-1950 era is included in the group's simulations): 'hours since 1950-01-01 00:00:00'.
The dimension / coordinate 'longitude' of the variable 'ua600' requires bounds to be defined.
The dimension / coordinate 'latitude' of the variable 'ua600' requires bounds to be defined.
The variable attribute 'ua600:long_name = 'Eastward Wind' is not equivalent to the value specified in the CMOR table ('Eastward Wind at 600hPa').
The variable attribute 'ua600:cell_methods = 'time: point' is not equivalent to the value specified in the CMOR table ('area: mean time: point').
The variable attribute 'ua600:cell_measures = 'unset' is not equivalent to the value specified in the CMOR table ('area: areacella').
The grid_mapping_name 'rotated_latitude_longitude' requires the variables 'rlat' and 'rlon' to be present in the file defining the native coordinate system used by the RCM.
The global attribute 'institution' is not compliant with the CV: 'International Centre for Theoretical Physics' instead of 'The Abdus Salam International Centre for Theoretical Physics, Trieste, Italy'.
The 'version' element in the path is not of the format 'vYYYYMMDD': 'ua600'.
DRS path building block 'version_realization' does not comply with the CORDEX-CMIP6 Archive Specifications: 'RegCM5-0'. Expected pattern: 'v[1-9]\d*-r[1-9]\d*', eg. 'v1-r3'.
",390,391,0,1,0,,"attribute ua600:_QuantizeBitGroomNumberOfSignificantDigits should begin with a letter and be composed of letters, digits, and underscores
",
/mnt/CORDEX_CMIP6_tmp/sim_data/CORDEX-CMIP6/DD/EUR-12/ICTP/NorESM2-MM/historical/r1i1p1f1/RegCM5-0/v1-r1/6hr/ua700/ua700_EUR-12_NorESM2-MM_historical_r1i1p1f1_ICTP_RegCM5-0_v1-r1_6hr_198801010600-198901010000.nc,ua700,EUR-12,NorESM2-MM,historical,r1i1p1f1,ICTP,RegCM5-0,v1-r1,6hr,ua700,71,86,10,5,0,,"Your 'calendar' attribute is not one of the recommended calendars ('standard', 'proleptic_gregorian'): 'noleap'. The use of another calendar is OK in case it has been inherited from the driving model.
It is recommended that data should be compressed with a 'deflate level' of '1' and enabled 'shuffle' option. The data is compressed with a higher 'deflate level' than recommended, this can lead to performance issues when accessing the data.
The first timestep differs from expectation ('1988-01-01 00:00:00'): '1988-01-01 06:00:00'. '1' full simulation year is expected in the data file for frequency '6hr'.
The last timestep differs from expectation ('1988-12-31 18:00:00'): '1989-01-01 00:00:00'. '1' full simulation year is expected in the data file for frequency '6hr'.
It is recommended for the variables 'rlat' and 'rlon' or 'x' and 'y' to have bounds defined.
It is recommended for the variables 'lat' and 'lon' to have bounds defined.
","DRS path building block 'frequency' does not comply with the CV: 'v1-r1'. Allowed values: '1hr', '3hr', '6hr', ...
DRS path building block 'source_id' does not comply with the CV: 'r1i1p1f1'. Allowed values: 'ALARO1-SFX', 'BARPA-R1-NN', 'CCAM-v2105', ...
DRS path building block 'driving_variant_label' does not comply with the CV: 'historical'. Expected value/pattern: 'r[[:digit:]]\{1,\}i[[:digit:]]\{1,\}p[[:digit:]]\{1,\}f[[:digit:]]\{1,\}$'.
DRS path building block 'driving_experiment_id' does not comply with the CV: 'NorESM2-MM'. Allowed values: 'evaluation', 'historical', 'ssp119', ...
DRS path building block 'driving_source_id' does not comply with the CV: 'ICTP'. Allowed values: '4AOP-v1-5', 'ACCESS-CM2', 'ACCESS-ESM1-5', ...
DRS path building block 'institution_id' does not comply with the CV: 'EUR-12'. Allowed values: 'AUTH', 'BAS', 'BCCR-UCAN', ...
DRS path building block 'domain_id' does not comply with the CV: 'DD'. Allowed values: 'SAM-50', 'CAM-50', 'NAM-50', ...
DRS path building block 'activity_id' does not comply with the CV: 'CORDEX-CMIP6'. Allowed values: 'DD', 'ESD'.
DRS path building block 'project_id' does not comply with the CV: 'sim_data'. Expected value/pattern: 'CORDEX-CMIP6'.
Value for DRS building block 'activity_id' is not consistent between 'file path' and 'global attributes': 'CORDEX-CMIP6' and 'DD'.
Value for DRS building block 'domain_id' is not consistent between 'file name' and 'file path' and 'global attributes': 'EUR-12' and 'DD' and 'EUR-12'.
Value for DRS building block 'driving_experiment_id' is not consistent between 'file name' and 'file path' and 'global attributes': 'historical' and 'NorESM2-MM' and 'historical'.
Value for DRS building block 'driving_source_id' is not consistent between 'file name' and 'file path' and 'global attributes': 'NorESM2-MM' and 'ICTP' and 'NorESM2-MM'.
Value for DRS building block 'driving_variant_label' is not consistent between 'file name' and 'file path' and 'global attributes': 'r1i1p1f1' and 'historical' and 'r1i1p1f1'.
Value for DRS building block 'frequency' is not consistent between 'file name' and 'file path' and 'global attributes': '6hr' and 'v1-r1' and '6hr'.
Value for DRS building block 'institution_id' is not consistent between 'file name' and 'file path' and 'global attributes': 'ICTP' and 'EUR-12' and 'ICTP'.
Value for DRS building block 'project_id' is not consistent between 'file path' and 'global attributes': 'sim_data' and 'CORDEX-CMIP6'.
Value for DRS building block 'source_id' is not consistent between 'file name' and 'file path' and 'global attributes': 'RegCM5-0' and 'r1i1p1f1' and 'RegCM5-0'.
Value for DRS building block 'variable_id' is not consistent between 'file name' and 'file path' and 'global attributes': 'ua700' and '6hr' and 'ua700'.
Value for DRS building block 'version_realization' is not consistent between 'file name' and 'file path' and 'global attributes': 'v1-r1' and 'RegCM5-0' and 'v1-r1'.
Global attribute 'license' does not comply with the CV: 'Creative Commons Attribution 4.0 International License (CC BY 4.0; https://creativecommons.org/licenses/by/4.0).'. Expected value/pattern: 'https://cordex.org/data-access/cordex-cmip6-data/cordex-cmip6-terms-of-use'.
Global attribute 'license' does not comply with the CV: 'Creative Commons Attribution 4.0 International License (CC BY 4.0; https://creativecommons.org/licenses/by/4.0).'. Expected value/pattern: 'https://cordex.org/data-access/cordex-cmip6-data/cordex-cmip6-terms-of-use'.
Global attribute 'source' does not comply with the CV: 'The ICTP RegCM version 5 using non hydrostatic MOLOCH dynamical core'. Expected value/pattern: 'The ICTP RegCM version 5 using non hydrostatic MOLOCH dynamical core (2023)'.
Global attribute 'tracking_id' does not comply with the CV: 'a4f52244-63ef-11f0-a370-00001029fe80'. Expected value/pattern: 'hdl:21.14103/.*'.
The CMOR table denoted by the global attribute 'table_id' is not the expected one ('6hr'): 'unknown'.
Your time axis' 'units' attribute differs from the allowed values ('days since 1950-01-01T00:00:00Z', 'days since 1850-01-01T00:00:00Z' if the pre-1950 era is included in the group's simulations): 'hours since 1950-01-01 00:00:00'.
The dimension / coordinate 'longitude' of the variable 'ua700' requires bounds to be defined.
The dimension / coordinate 'latitude' of the variable 'ua700' requires bounds to be defined.
The variable attribute 'ua700:long_name = 'Eastward Wind' is not equivalent to the value specified in the CMOR table ('Eastward Wind at 700hPa').
The variable attribute 'ua700:cell_methods = 'time: point' is not equivalent to the value specified in the CMOR table ('area: mean time: point').
The variable attribute 'ua700:cell_measures = 'unset' is not equivalent to the value specified in the CMOR table ('area: areacella').
The grid_mapping_name 'rotated_latitude_longitude' requires the variables 'rlat' and 'rlon' to be present in the file defining the native coordinate system used by the RCM.
The global attribute 'institution' is not compliant with the CV: 'International Centre for Theoretical Physics' instead of 'The Abdus Salam International Centre for Theoretical Physics, Trieste, Italy'.
The 'version' element in the path is not of the format 'vYYYYMMDD': 'ua700'.
DRS path building block 'version_realization' does not comply with the CORDEX-CMIP6 Archive Specifications: 'RegCM5-0'. Expected pattern: 'v[1-9]\d*-r[1-9]\d*', eg. 'v1-r3'.
",390,391,0,1,0,,"attribute ua700:_QuantizeBitGroomNumberOfSignificantDigits should begin with a letter and be composed of letters, digits, and underscores
",
/mnt/CORDEX_CMIP6_tmp/sim_data/CORDEX-CMIP6/DD/EUR-12/ICTP/NorESM2-MM/historical/r1i1p1f1/RegCM5-0/v1-r1/6hr/ua850/ua850_EUR-12_NorESM2-MM_historical_r1i1p1f1_ICTP_RegCM5-0_v1-r1_6hr_197501010600-197601010000.nc,ua850,EUR-12,NorESM2-MM,historical,r1i1p1f1,ICTP,RegCM5-0,v1-r1,6hr,ua850,71,86,10,5,0,,"Your 'calendar' attribute is not one of the recommended calendars ('standard', 'proleptic_gregorian'): 'noleap'. The use of another calendar is OK in case it has been inherited from the driving model.
It is recommended that data should be compressed with a 'deflate level' of '1' and enabled 'shuffle' option. The data is compressed with a higher 'deflate level' than recommended, this can lead to performance issues when accessing the data.
The first timestep differs from expectation ('1975-01-01 00:00:00'): '1975-01-01 06:00:00'. '1' full simulation year is expected in the data file for frequency '6hr'.
The last timestep differs from expectation ('1975-12-31 18:00:00'): '1976-01-01 00:00:00'. '1' full simulation year is expected in the data file for frequency '6hr'.
It is recommended for the variables 'rlat' and 'rlon' or 'x' and 'y' to have bounds defined.
It is recommended for the variables 'lat' and 'lon' to have bounds defined.
","DRS path building block 'frequency' does not comply with the CV: 'v1-r1'. Allowed values: '1hr', '3hr', '6hr', ...
DRS path building block 'source_id' does not comply with the CV: 'r1i1p1f1'. Allowed values: 'ALARO1-SFX', 'BARPA-R1-NN', 'CCAM-v2105', ...
DRS path building block 'driving_variant_label' does not comply with the CV: 'historical'. Expected value/pattern: 'r[[:digit:]]\{1,\}i[[:digit:]]\{1,\}p[[:digit:]]\{1,\}f[[:digit:]]\{1,\}$'.
DRS path building block 'driving_experiment_id' does not comply with the CV: 'NorESM2-MM'. Allowed values: 'evaluation', 'historical', 'ssp119', ...
DRS path building block 'driving_source_id' does not comply with the CV: 'ICTP'. Allowed values: '4AOP-v1-5', 'ACCESS-CM2', 'ACCESS-ESM1-5', ...
DRS path building block 'institution_id' does not comply with the CV: 'EUR-12'. Allowed values: 'AUTH', 'BAS', 'BCCR-UCAN', ...
DRS path building block 'domain_id' does not comply with the CV: 'DD'. Allowed values: 'SAM-50', 'CAM-50', 'NAM-50', ...
DRS path building block 'activity_id' does not comply with the CV: 'CORDEX-CMIP6'. Allowed values: 'DD', 'ESD'.
DRS path building block 'project_id' does not comply with the CV: 'sim_data'. Expected value/pattern: 'CORDEX-CMIP6'.
Value for DRS building block 'activity_id' is not consistent between 'file path' and 'global attributes': 'CORDEX-CMIP6' and 'DD'.
Value for DRS building block 'domain_id' is not consistent between 'file name' and 'file path' and 'global attributes': 'EUR-12' and 'DD' and 'EUR-12'.
Value for DRS building block 'driving_experiment_id' is not consistent between 'file name' and 'file path' and 'global attributes': 'historical' and 'NorESM2-MM' and 'historical'.
Value for DRS building block 'driving_source_id' is not consistent between 'file name' and 'file path' and 'global attributes': 'NorESM2-MM' and 'ICTP' and 'NorESM2-MM'.
Value for DRS building block 'driving_variant_label' is not consistent between 'file name' and 'file path' and 'global attributes': 'r1i1p1f1' and 'historical' and 'r1i1p1f1'.
Value for DRS building block 'frequency' is not consistent between 'file name' and 'file path' and 'global attributes': '6hr' and 'v1-r1' and '6hr'.
Value for DRS building block 'institution_id' is not consistent between 'file name' and 'file path' and 'global attributes': 'ICTP' and 'EUR-12' and 'ICTP'.
Value for DRS building block 'project_id' is not consistent between 'file path' and 'global attributes': 'sim_data' and 'CORDEX-CMIP6'.
Value for DRS building block 'source_id' is not consistent between 'file name' and 'file path' and 'global attributes': 'RegCM5-0' and 'r1i1p1f1' and 'RegCM5-0'.
Value for DRS building block 'variable_id' is not consistent between 'file name' and 'file path' and 'global attributes': 'ua850' and '6hr' and 'ua850'.
Value for DRS building block 'version_realization' is not consistent between 'file name' and 'file path' and 'global attributes': 'v1-r1' and 'RegCM5-0' and 'v1-r1'.
Global attribute 'license' does not comply with the CV: 'Creative Commons Attribution 4.0 International License (CC BY 4.0; https://creativecommons.org/licenses/by/4.0).'. Expected value/pattern: 'https://cordex.org/data-access/cordex-cmip6-data/cordex-cmip6-terms-of-use'.
Global attribute 'license' does not comply with the CV: 'Creative Commons Attribution 4.0 International License (CC BY 4.0; https://creativecommons.org/licenses/by/4.0).'. Expected value/pattern: 'https://cordex.org/data-access/cordex-cmip6-data/cordex-cmip6-terms-of-use'.
Global attribute 'source' does not comply with the CV: 'The ICTP RegCM version 5 using non hydrostatic MOLOCH dynamical core'. Expected value/pattern: 'The ICTP RegCM version 5 using non hydrostatic MOLOCH dynamical core (2023)'.
Global attribute 'tracking_id' does not comply with the CV: '3bd72960-6363-11f0-ada0-00001029fe80'. Expected value/pattern: 'hdl:21.14103/.*'.
The CMOR table denoted by the global attribute 'table_id' is not the expected one ('6hr'): 'unknown'.
Your time axis' 'units' attribute differs from the allowed values ('days since 1950-01-01T00:00:00Z', 'days since 1850-01-01T00:00:00Z' if the pre-1950 era is included in the group's simulations): 'hours since 1950-01-01 00:00:00'.
The dimension / coordinate 'longitude' of the variable 'ua850' requires bounds to be defined.
The dimension / coordinate 'latitude' of the variable 'ua850' requires bounds to be defined.
The variable attribute 'ua850:long_name = 'Eastward Wind' is not equivalent to the value specified in the CMOR table ('Eastward Wind at 850hPa').
The variable attribute 'ua850:cell_methods = 'time: point' is not equivalent to the value specified in the CMOR table ('area: mean time: point').
The variable attribute 'ua850:cell_measures = 'unset' is not equivalent to the value specified in the CMOR table ('area: areacella').
The grid_mapping_name 'rotated_latitude_longitude' requires the variables 'rlat' and 'rlon' to be present in the file defining the native coordinate system used by the RCM.
The global attribute 'institution' is not compliant with the CV: 'International Centre for Theoretical Physics' instead of 'The Abdus Salam International Centre for Theoretical Physics, Trieste, Italy'.
The 'version' element in the path is not of the format 'vYYYYMMDD': 'ua850'.
DRS path building block 'version_realization' does not comply with the CORDEX-CMIP6 Archive Specifications: 'RegCM5-0'. Expected pattern: 'v[1-9]\d*-r[1-9]\d*', eg. 'v1-r3'.
",390,391,0,1,0,,"attribute ua850:_QuantizeBitGroomNumberOfSignificantDigits should begin with a letter and be composed of letters, digits, and underscores
",
/mnt/CORDEX_CMIP6_tmp/sim_data/CORDEX-CMIP6/DD/EUR-12/ICTP/NorESM2-MM/historical/r1i1p1f1/RegCM5-0/v1-r1/6hr/ua925/ua925_EUR-12_NorESM2-MM_historical_r1i1p1f1_ICTP_RegCM5-0_v1-r1_6hr_198101010600-198201010000.nc,ua925,EUR-12,NorESM2-MM,historical,r1i1p1f1,ICTP,RegCM5-0,v1-r1,6hr,ua925,71,86,10,5,0,,"Your 'calendar' attribute is not one of the recommended calendars ('standard', 'proleptic_gregorian'): 'noleap'. The use of another calendar is OK in case it has been inherited from the driving model.
It is recommended that data should be compressed with a 'deflate level' of '1' and enabled 'shuffle' option. The data is compressed with a higher 'deflate level' than recommended, this can lead to performance issues when accessing the data.
The first timestep differs from expectation ('1981-01-01 00:00:00'): '1981-01-01 06:00:00'. '1' full simulation year is expected in the data file for frequency '6hr'.
The last timestep differs from expectation ('1981-12-31 18:00:00'): '1982-01-01 00:00:00'. '1' full simulation year is expected in the data file for frequency '6hr'.
It is recommended for the variables 'rlat' and 'rlon' or 'x' and 'y' to have bounds defined.
It is recommended for the variables 'lat' and 'lon' to have bounds defined.
","DRS path building block 'frequency' does not comply with the CV: 'v1-r1'. Allowed values: '1hr', '3hr', '6hr', ...
DRS path building block 'source_id' does not comply with the CV: 'r1i1p1f1'. Allowed values: 'ALARO1-SFX', 'BARPA-R1-NN', 'CCAM-v2105', ...
DRS path building block 'driving_variant_label' does not comply with the CV: 'historical'. Expected value/pattern: 'r[[:digit:]]\{1,\}i[[:digit:]]\{1,\}p[[:digit:]]\{1,\}f[[:digit:]]\{1,\}$'.
DRS path building block 'driving_experiment_id' does not comply with the CV: 'NorESM2-MM'. Allowed values: 'evaluation', 'historical', 'ssp119', ...
DRS path building block 'driving_source_id' does not comply with the CV: 'ICTP'. Allowed values: '4AOP-v1-5', 'ACCESS-CM2', 'ACCESS-ESM1-5', ...
DRS path building block 'institution_id' does not comply with the CV: 'EUR-12'. Allowed values: 'AUTH', 'BAS', 'BCCR-UCAN', ...
DRS path building block 'domain_id' does not comply with the CV: 'DD'. Allowed values: 'SAM-50', 'CAM-50', 'NAM-50', ...
DRS path building block 'activity_id' does not comply with the CV: 'CORDEX-CMIP6'. Allowed values: 'DD', 'ESD'.
DRS path building block 'project_id' does not comply with the CV: 'sim_data'. Expected value/pattern: 'CORDEX-CMIP6'.
Value for DRS building block 'activity_id' is not consistent between 'file path' and 'global attributes': 'CORDEX-CMIP6' and 'DD'.
Value for DRS building block 'domain_id' is not consistent between 'file name' and 'file path' and 'global attributes': 'EUR-12' and 'DD' and 'EUR-12'.
Value for DRS building block 'driving_experiment_id' is not consistent between 'file name' and 'file path' and 'global attributes': 'historical' and 'NorESM2-MM' and 'historical'.
Value for DRS building block 'driving_source_id' is not consistent between 'file name' and 'file path' and 'global attributes': 'NorESM2-MM' and 'ICTP' and 'NorESM2-MM'.
Value for DRS building block 'driving_variant_label' is not consistent between 'file name' and 'file path' and 'global attributes': 'r1i1p1f1' and 'historical' and 'r1i1p1f1'.
Value for DRS building block 'frequency' is not consistent between 'file name' and 'file path' and 'global attributes': '6hr' and 'v1-r1' and '6hr'.
Value for DRS building block 'institution_id' is not consistent between 'file name' and 'file path' and 'global attributes': 'ICTP' and 'EUR-12' and 'ICTP'.
Value for DRS building block 'project_id' is not consistent between 'file path' and 'global attributes': 'sim_data' and 'CORDEX-CMIP6'.
Value for DRS building block 'source_id' is not consistent between 'file name' and 'file path' and 'global attributes': 'RegCM5-0' and 'r1i1p1f1' and 'RegCM5-0'.
Value for DRS building block 'variable_id' is not consistent between 'file name' and 'file path' and 'global attributes': 'ua925' and '6hr' and 'ua925'.
Value for DRS building block 'version_realization' is not consistent between 'file name' and 'file path' and 'global attributes': 'v1-r1' and 'RegCM5-0' and 'v1-r1'.
Global attribute 'license' does not comply with the CV: 'Creative Commons Attribution 4.0 International License (CC BY 4.0; https://creativecommons.org/licenses/by/4.0).'. Expected value/pattern: 'https://cordex.org/data-access/cordex-cmip6-data/cordex-cmip6-terms-of-use'.
Global attribute 'license' does not comply with the CV: 'Creative Commons Attribution 4.0 International License (CC BY 4.0; https://creativecommons.org/licenses/by/4.0).'. Expected value/pattern: 'https://cordex.org/data-access/cordex-cmip6-data/cordex-cmip6-terms-of-use'.
Global attribute 'source' does not comply with the CV: 'The ICTP RegCM version 5 using non hydrostatic MOLOCH dynamical core'. Expected value/pattern: 'The ICTP RegCM version 5 using non hydrostatic MOLOCH dynamical core (2023)'.
Global attribute 'tracking_id' does not comply with the CV: '60d163b2-63bc-11f0-83de-00001029fe80'. Expected value/pattern: 'hdl:21.14103/.*'.
The CMOR table denoted by the global attribute 'table_id' is not the expected one ('6hr'): 'unknown'.
Your time axis' 'units' attribute differs from the allowed values ('days since 1950-01-01T00:00:00Z', 'days since 1850-01-01T00:00:00Z' if the pre-1950 era is included in the group's simulations): 'hours since 1950-01-01 00:00:00'.
The dimension / coordinate 'longitude' of the variable 'ua925' requires bounds to be defined.
The dimension / coordinate 'latitude' of the variable 'ua925' requires bounds to be defined.
The variable attribute 'ua925:long_name = 'Eastward Wind' is not equivalent to the value specified in the CMOR table ('Eastward Wind at 925hPa').
The variable attribute 'ua925:cell_methods = 'time: point' is not equivalent to the value specified in the CMOR table ('area: mean time: point').
The variable attribute 'ua925:cell_measures = 'unset' is not equivalent to the value specified in the CMOR table ('area: areacella').
The grid_mapping_name 'rotated_latitude_longitude' requires the variables 'rlat' and 'rlon' to be present in the file defining the native coordinate system used by the RCM.
The global attribute 'institution' is not compliant with the CV: 'International Centre for Theoretical Physics' instead of 'The Abdus Salam International Centre for Theoretical Physics, Trieste, Italy'.
The 'version' element in the path is not of the format 'vYYYYMMDD': 'ua925'.
DRS path building block 'version_realization' does not comply with the CORDEX-CMIP6 Archive Specifications: 'RegCM5-0'. Expected pattern: 'v[1-9]\d*-r[1-9]\d*', eg. 'v1-r3'.
",390,391,0,1,0,,"attribute ua925:_QuantizeBitGroomNumberOfSignificantDigits should begin with a letter and be composed of letters, digits, and underscores
",
/mnt/CORDEX_CMIP6_tmp/sim_data/CORDEX-CMIP6/DD/EUR-12/ICTP/NorESM2-MM/historical/r1i1p1f1/RegCM5-0/v1-r1/6hr/va1000/va1000_EUR-12_NorESM2-MM_historical_r1i1p1f1_ICTP_RegCM5-0_v1-r1_6hr_198301010600-198401010000.nc,va1000,EUR-12,NorESM2-MM,historical,r1i1p1f1,ICTP,RegCM5-0,v1-r1,6hr,va1000,71,86,10,5,0,,"Your 'calendar' attribute is not one of the recommended calendars ('standard', 'proleptic_gregorian'): 'noleap'. The use of another calendar is OK in case it has been inherited from the driving model.
It is recommended that data should be compressed with a 'deflate level' of '1' and enabled 'shuffle' option. The data is compressed with a higher 'deflate level' than recommended, this can lead to performance issues when accessing the data.
The first timestep differs from expectation ('1983-01-01 00:00:00'): '1983-01-01 06:00:00'. '1' full simulation year is expected in the data file for frequency '6hr'.
The last timestep differs from expectation ('1983-12-31 18:00:00'): '1984-01-01 00:00:00'. '1' full simulation year is expected in the data file for frequency '6hr'.
It is recommended for the variables 'rlat' and 'rlon' or 'x' and 'y' to have bounds defined.
It is recommended for the variables 'lat' and 'lon' to have bounds defined.
","DRS path building block 'frequency' does not comply with the CV: 'v1-r1'. Allowed values: '1hr', '3hr', '6hr', ...
DRS path building block 'source_id' does not comply with the CV: 'r1i1p1f1'. Allowed values: 'ALARO1-SFX', 'BARPA-R1-NN', 'CCAM-v2105', ...
DRS path building block 'driving_variant_label' does not comply with the CV: 'historical'. Expected value/pattern: 'r[[:digit:]]\{1,\}i[[:digit:]]\{1,\}p[[:digit:]]\{1,\}f[[:digit:]]\{1,\}$'.
DRS path building block 'driving_experiment_id' does not comply with the CV: 'NorESM2-MM'. Allowed values: 'evaluation', 'historical', 'ssp119', ...
DRS path building block 'driving_source_id' does not comply with the CV: 'ICTP'. Allowed values: '4AOP-v1-5', 'ACCESS-CM2', 'ACCESS-ESM1-5', ...
DRS path building block 'institution_id' does not comply with the CV: 'EUR-12'. Allowed values: 'AUTH', 'BAS', 'BCCR-UCAN', ...
DRS path building block 'domain_id' does not comply with the CV: 'DD'. Allowed values: 'SAM-50', 'CAM-50', 'NAM-50', ...
DRS path building block 'activity_id' does not comply with the CV: 'CORDEX-CMIP6'. Allowed values: 'DD', 'ESD'.
DRS path building block 'project_id' does not comply with the CV: 'sim_data'. Expected value/pattern: 'CORDEX-CMIP6'.
Value for DRS building block 'activity_id' is not consistent between 'file path' and 'global attributes': 'CORDEX-CMIP6' and 'DD'.
Value for DRS building block 'domain_id' is not consistent between 'file name' and 'file path' and 'global attributes': 'EUR-12' and 'DD' and 'EUR-12'.
Value for DRS building block 'driving_experiment_id' is not consistent between 'file name' and 'file path' and 'global attributes': 'historical' and 'NorESM2-MM' and 'historical'.
Value for DRS building block 'driving_source_id' is not consistent between 'file name' and 'file path' and 'global attributes': 'NorESM2-MM' and 'ICTP' and 'NorESM2-MM'.
Value for DRS building block 'driving_variant_label' is not consistent between 'file name' and 'file path' and 'global attributes': 'r1i1p1f1' and 'historical' and 'r1i1p1f1'.
Value for DRS building block 'frequency' is not consistent between 'file name' and 'file path' and 'global attributes': '6hr' and 'v1-r1' and '6hr'.
Value for DRS building block 'institution_id' is not consistent between 'file name' and 'file path' and 'global attributes': 'ICTP' and 'EUR-12' and 'ICTP'.
Value for DRS building block 'project_id' is not consistent between 'file path' and 'global attributes': 'sim_data' and 'CORDEX-CMIP6'.
Value for DRS building block 'source_id' is not consistent between 'file name' and 'file path' and 'global attributes': 'RegCM5-0' and 'r1i1p1f1' and 'RegCM5-0'.
Value for DRS building block 'variable_id' is not consistent between 'file name' and 'file path' and 'global attributes': 'va1000' and '6hr' and 'va1000'.
Value for DRS building block 'version_realization' is not consistent between 'file name' and 'file path' and 'global attributes': 'v1-r1' and 'RegCM5-0' and 'v1-r1'.
Global attribute 'license' does not comply with the CV: 'Creative Commons Attribution 4.0 International License (CC BY 4.0; https://creativecommons.org/licenses/by/4.0).'. Expected value/pattern: 'https://cordex.org/data-access/cordex-cmip6-data/cordex-cmip6-terms-of-use'.
Global attribute 'license' does not comply with the CV: 'Creative Commons Attribution 4.0 International License (CC BY 4.0; https://creativecommons.org/licenses/by/4.0).'. Expected value/pattern: 'https://cordex.org/data-access/cordex-cmip6-data/cordex-cmip6-terms-of-use'.
Global attribute 'source' does not comply with the CV: 'The ICTP RegCM version 5 using non hydrostatic MOLOCH dynamical core'. Expected value/pattern: 'The ICTP RegCM version 5 using non hydrostatic MOLOCH dynamical core (2023)'.
Global attribute 'tracking_id' does not comply with the CV: 'ea2663ec-63d0-11f0-b2a6-00001029fe80'. Expected value/pattern: 'hdl:21.14103/.*'.
The CMOR table denoted by the global attribute 'table_id' is not the expected one ('6hr'): 'unknown'.
Your time axis' 'units' attribute differs from the allowed values ('days since 1950-01-01T00:00:00Z', 'days since 1850-01-01T00:00:00Z' if the pre-1950 era is included in the group's simulations): 'hours since 1950-01-01 00:00:00'.
The dimension / coordinate 'longitude' of the variable 'va1000' requires bounds to be defined.
The dimension / coordinate 'latitude' of the variable 'va1000' requires bounds to be defined.
The variable attribute 'va1000:long_name = 'Northward Wind' is not equivalent to the value specified in the CMOR table ('Northward Wind at 1000hPa').
The variable attribute 'va1000:cell_methods = 'time: point' is not equivalent to the value specified in the CMOR table ('area: mean time: point').
The variable attribute 'va1000:cell_measures = 'unset' is not equivalent to the value specified in the CMOR table ('area: areacella').
The grid_mapping_name 'rotated_latitude_longitude' requires the variables 'rlat' and 'rlon' to be present in the file defining the native coordinate system used by the RCM.
The global attribute 'institution' is not compliant with the CV: 'International Centre for Theoretical Physics' instead of 'The Abdus Salam International Centre for Theoretical Physics, Trieste, Italy'.
The 'version' element in the path is not of the format 'vYYYYMMDD': 'va1000'.
DRS path building block 'version_realization' does not comply with the CORDEX-CMIP6 Archive Specifications: 'RegCM5-0'. Expected pattern: 'v[1-9]\d*-r[1-9]\d*', eg. 'v1-r3'.
",390,391,0,1,0,,"attribute va1000:_QuantizeBitGroomNumberOfSignificantDigits should begin with a letter and be composed of letters, digits, and underscores
",
/mnt/CORDEX_CMIP6_tmp/sim_data/CORDEX-CMIP6/DD/EUR-12/ICTP/NorESM2-MM/historical/r1i1p1f1/RegCM5-0/v1-r1/6hr/va200/va200_EUR-12_NorESM2-MM_historical_r1i1p1f1_ICTP_RegCM5-0_v1-r1_6hr_198901010600-199001010000.nc,va200,EUR-12,NorESM2-MM,historical,r1i1p1f1,ICTP,RegCM5-0,v1-r1,6hr,va200,71,86,10,5,0,,"Your 'calendar' attribute is not one of the recommended calendars ('standard', 'proleptic_gregorian'): 'noleap'. The use of another calendar is OK in case it has been inherited from the driving model.
It is recommended that data should be compressed with a 'deflate level' of '1' and enabled 'shuffle' option. The data is compressed with a higher 'deflate level' than recommended, this can lead to performance issues when accessing the data.
The first timestep differs from expectation ('1989-01-01 00:00:00'): '1989-01-01 06:00:00'. '1' full simulation year is expected in the data file for frequency '6hr'.
The last timestep differs from expectation ('1989-12-31 18:00:00'): '1990-01-01 00:00:00'. '1' full simulation year is expected in the data file for frequency '6hr'.
It is recommended for the variables 'rlat' and 'rlon' or 'x' and 'y' to have bounds defined.
It is recommended for the variables 'lat' and 'lon' to have bounds defined.
","DRS path building block 'frequency' does not comply with the CV: 'v1-r1'. Allowed values: '1hr', '3hr', '6hr', ...
DRS path building block 'source_id' does not comply with the CV: 'r1i1p1f1'. Allowed values: 'ALARO1-SFX', 'BARPA-R1-NN', 'CCAM-v2105', ...
DRS path building block 'driving_variant_label' does not comply with the CV: 'historical'. Expected value/pattern: 'r[[:digit:]]\{1,\}i[[:digit:]]\{1,\}p[[:digit:]]\{1,\}f[[:digit:]]\{1,\}$'.
DRS path building block 'driving_experiment_id' does not comply with the CV: 'NorESM2-MM'. Allowed values: 'evaluation', 'historical', 'ssp119', ...
DRS path building block 'driving_source_id' does not comply with the CV: 'ICTP'. Allowed values: '4AOP-v1-5', 'ACCESS-CM2', 'ACCESS-ESM1-5', ...
DRS path building block 'institution_id' does not comply with the CV: 'EUR-12'. Allowed values: 'AUTH', 'BAS', 'BCCR-UCAN', ...
DRS path building block 'domain_id' does not comply with the CV: 'DD'. Allowed values: 'SAM-50', 'CAM-50', 'NAM-50', ...
DRS path building block 'activity_id' does not comply with the CV: 'CORDEX-CMIP6'. Allowed values: 'DD', 'ESD'.
DRS path building block 'project_id' does not comply with the CV: 'sim_data'. Expected value/pattern: 'CORDEX-CMIP6'.
Value for DRS building block 'activity_id' is not consistent between 'file path' and 'global attributes': 'CORDEX-CMIP6' and 'DD'.
Value for DRS building block 'domain_id' is not consistent between 'file name' and 'file path' and 'global attributes': 'EUR-12' and 'DD' and 'EUR-12'.
Value for DRS building block 'driving_experiment_id' is not consistent between 'file name' and 'file path' and 'global attributes': 'historical' and 'NorESM2-MM' and 'historical'.
Value for DRS building block 'driving_source_id' is not consistent between 'file name' and 'file path' and 'global attributes': 'NorESM2-MM' and 'ICTP' and 'NorESM2-MM'.
Value for DRS building block 'driving_variant_label' is not consistent between 'file name' and 'file path' and 'global attributes': 'r1i1p1f1' and 'historical' and 'r1i1p1f1'.
Value for DRS building block 'frequency' is not consistent between 'file name' and 'file path' and 'global attributes': '6hr' and 'v1-r1' and '6hr'.
Value for DRS building block 'institution_id' is not consistent between 'file name' and 'file path' and 'global attributes': 'ICTP' and 'EUR-12' and 'ICTP'.
Value for DRS building block 'project_id' is not consistent between 'file path' and 'global attributes': 'sim_data' and 'CORDEX-CMIP6'.
Value for DRS building block 'source_id' is not consistent between 'file name' and 'file path' and 'global attributes': 'RegCM5-0' and 'r1i1p1f1' and 'RegCM5-0'.
Value for DRS building block 'variable_id' is not consistent between 'file name' and 'file path' and 'global attributes': 'va200' and '6hr' and 'va200'.
Value for DRS building block 'version_realization' is not consistent between 'file name' and 'file path' and 'global attributes': 'v1-r1' and 'RegCM5-0' and 'v1-r1'.
Global attribute 'license' does not comply with the CV: 'Creative Commons Attribution 4.0 International License (CC BY 4.0; https://creativecommons.org/licenses/by/4.0).'. Expected value/pattern: 'https://cordex.org/data-access/cordex-cmip6-data/cordex-cmip6-terms-of-use'.
Global attribute 'license' does not comply with the CV: 'Creative Commons Attribution 4.0 International License (CC BY 4.0; https://creativecommons.org/licenses/by/4.0).'. Expected value/pattern: 'https://cordex.org/data-access/cordex-cmip6-data/cordex-cmip6-terms-of-use'.
Global attribute 'source' does not comply with the CV: 'The ICTP RegCM version 5 using non hydrostatic MOLOCH dynamical core'. Expected value/pattern: 'The ICTP RegCM version 5 using non hydrostatic MOLOCH dynamical core (2023)'.
Global attribute 'tracking_id' does not comply with the CV: '55a7db48-63f7-11f0-b24b-00001029fe80'. Expected value/pattern: 'hdl:21.14103/.*'.
The CMOR table denoted by the global attribute 'table_id' is not the expected one ('6hr'): 'unknown'.
Your time axis' 'units' attribute differs from the allowed values ('days since 1950-01-01T00:00:00Z', 'days since 1850-01-01T00:00:00Z' if the pre-1950 era is included in the group's simulations): 'hours since 1950-01-01 00:00:00'.
The dimension / coordinate 'longitude' of the variable 'va200' requires bounds to be defined.
The dimension / coordinate 'latitude' of the variable 'va200' requires bounds to be defined.
The variable attribute 'va200:long_name = 'Northward Wind' is not equivalent to the value specified in the CMOR table ('Northward Wind at 200hPa').
The variable attribute 'va200:cell_methods = 'time: point' is not equivalent to the value specified in the CMOR table ('area: mean time: point').
The variable attribute 'va200:cell_measures = 'unset' is not equivalent to the value specified in the CMOR table ('area: areacella').
The grid_mapping_name 'rotated_latitude_longitude' requires the variables 'rlat' and 'rlon' to be present in the file defining the native coordinate system used by the RCM.
The global attribute 'institution' is not compliant with the CV: 'International Centre for Theoretical Physics' instead of 'The Abdus Salam International Centre for Theoretical Physics, Trieste, Italy'.
The 'version' element in the path is not of the format 'vYYYYMMDD': 'va200'.
DRS path building block 'version_realization' does not comply with the CORDEX-CMIP6 Archive Specifications: 'RegCM5-0'. Expected pattern: 'v[1-9]\d*-r[1-9]\d*', eg. 'v1-r3'.
",390,391,0,1,0,,"attribute va200:_QuantizeBitGroomNumberOfSignificantDigits should begin with a letter and be composed of letters, digits, and underscores
",
/mnt/CORDEX_CMIP6_tmp/sim_data/CORDEX-CMIP6/DD/EUR-12/ICTP/NorESM2-MM/historical/r1i1p1f1/RegCM5-0/v1-r1/6hr/va250/va250_EUR-12_NorESM2-MM_historical_r1i1p1f1_ICTP_RegCM5-0_v1-r1_6hr_197201010600-197301010000.nc,va250,EUR-12,NorESM2-MM,historical,r1i1p1f1,ICTP,RegCM5-0,v1-r1,6hr,va250,71,86,10,5,0,,"Your 'calendar' attribute is not one of the recommended calendars ('standard', 'proleptic_gregorian'): 'noleap'. The use of another calendar is OK in case it has been inherited from the driving model.
It is recommended that data should be compressed with a 'deflate level' of '1' and enabled 'shuffle' option. The data is compressed with a higher 'deflate level' than recommended, this can lead to performance issues when accessing the data.
The first timestep differs from expectation ('1972-01-01 00:00:00'): '1972-01-01 06:00:00'. '1' full simulation year is expected in the data file for frequency '6hr'.
The last timestep differs from expectation ('1972-12-31 18:00:00'): '1973-01-01 00:00:00'. '1' full simulation year is expected in the data file for frequency '6hr'.
It is recommended for the variables 'rlat' and 'rlon' or 'x' and 'y' to have bounds defined.
It is recommended for the variables 'lat' and 'lon' to have bounds defined.
","DRS path building block 'frequency' does not comply with the CV: 'v1-r1'. Allowed values: '1hr', '3hr', '6hr', ...
DRS path building block 'source_id' does not comply with the CV: 'r1i1p1f1'. Allowed values: 'ALARO1-SFX', 'BARPA-R1-NN', 'CCAM-v2105', ...
DRS path building block 'driving_variant_label' does not comply with the CV: 'historical'. Expected value/pattern: 'r[[:digit:]]\{1,\}i[[:digit:]]\{1,\}p[[:digit:]]\{1,\}f[[:digit:]]\{1,\}$'.
DRS path building block 'driving_experiment_id' does not comply with the CV: 'NorESM2-MM'. Allowed values: 'evaluation', 'historical', 'ssp119', ...
DRS path building block 'driving_source_id' does not comply with the CV: 'ICTP'. Allowed values: '4AOP-v1-5', 'ACCESS-CM2', 'ACCESS-ESM1-5', ...
DRS path building block 'institution_id' does not comply with the CV: 'EUR-12'. Allowed values: 'AUTH', 'BAS', 'BCCR-UCAN', ...
DRS path building block 'domain_id' does not comply with the CV: 'DD'. Allowed values: 'SAM-50', 'CAM-50', 'NAM-50', ...
DRS path building block 'activity_id' does not comply with the CV: 'CORDEX-CMIP6'. Allowed values: 'DD', 'ESD'.
DRS path building block 'project_id' does not comply with the CV: 'sim_data'. Expected value/pattern: 'CORDEX-CMIP6'.
Value for DRS building block 'activity_id' is not consistent between 'file path' and 'global attributes': 'CORDEX-CMIP6' and 'DD'.
Value for DRS building block 'domain_id' is not consistent between 'file name' and 'file path' and 'global attributes': 'EUR-12' and 'DD' and 'EUR-12'.
Value for DRS building block 'driving_experiment_id' is not consistent between 'file name' and 'file path' and 'global attributes': 'historical' and 'NorESM2-MM' and 'historical'.
Value for DRS building block 'driving_source_id' is not consistent between 'file name' and 'file path' and 'global attributes': 'NorESM2-MM' and 'ICTP' and 'NorESM2-MM'.
Value for DRS building block 'driving_variant_label' is not consistent between 'file name' and 'file path' and 'global attributes': 'r1i1p1f1' and 'historical' and 'r1i1p1f1'.
Value for DRS building block 'frequency' is not consistent between 'file name' and 'file path' and 'global attributes': '6hr' and 'v1-r1' and '6hr'.
Value for DRS building block 'institution_id' is not consistent between 'file name' and 'file path' and 'global attributes': 'ICTP' and 'EUR-12' and 'ICTP'.
Value for DRS building block 'project_id' is not consistent between 'file path' and 'global attributes': 'sim_data' and 'CORDEX-CMIP6'.
Value for DRS building block 'source_id' is not consistent between 'file name' and 'file path' and 'global attributes': 'RegCM5-0' and 'r1i1p1f1' and 'RegCM5-0'.
Value for DRS building block 'variable_id' is not consistent between 'file name' and 'file path' and 'global attributes': 'va250' and '6hr' and 'va250'.
Value for DRS building block 'version_realization' is not consistent between 'file name' and 'file path' and 'global attributes': 'v1-r1' and 'RegCM5-0' and 'v1-r1'.
Global attribute 'license' does not comply with the CV: 'Creative Commons Attribution 4.0 International License (CC BY 4.0; https://creativecommons.org/licenses/by/4.0).'. Expected value/pattern: 'https://cordex.org/data-access/cordex-cmip6-data/cordex-cmip6-terms-of-use'.
Global attribute 'license' does not comply with the CV: 'Creative Commons Attribution 4.0 International License (CC BY 4.0; https://creativecommons.org/licenses/by/4.0).'. Expected value/pattern: 'https://cordex.org/data-access/cordex-cmip6-data/cordex-cmip6-terms-of-use'.
Global attribute 'source' does not comply with the CV: 'The ICTP RegCM version 5 using non hydrostatic MOLOCH dynamical core'. Expected value/pattern: 'The ICTP RegCM version 5 using non hydrostatic MOLOCH dynamical core (2023)'.
Global attribute 'tracking_id' does not comply with the CV: 'c62dbe00-6361-11f0-91ac-00001029fe80'. Expected value/pattern: 'hdl:21.14103/.*'.
The CMOR table denoted by the global attribute 'table_id' is not the expected one ('6hr'): 'unknown'.
Your time axis' 'units' attribute differs from the allowed values ('days since 1950-01-01T00:00:00Z', 'days since 1850-01-01T00:00:00Z' if the pre-1950 era is included in the group's simulations): 'hours since 1950-01-01 00:00:00'.
The dimension / coordinate 'longitude' of the variable 'va250' requires bounds to be defined.
The dimension / coordinate 'latitude' of the variable 'va250' requires bounds to be defined.
The variable attribute 'va250:long_name = 'Northward Wind' is not equivalent to the value specified in the CMOR table ('Northward Wind at 250hPa').
The variable attribute 'va250:cell_methods = 'time: point' is not equivalent to the value specified in the CMOR table ('area: mean time: point').
The variable attribute 'va250:cell_measures = 'unset' is not equivalent to the value specified in the CMOR table ('area: areacella').
The grid_mapping_name 'rotated_latitude_longitude' requires the variables 'rlat' and 'rlon' to be present in the file defining the native coordinate system used by the RCM.
The global attribute 'institution' is not compliant with the CV: 'International Centre for Theoretical Physics' instead of 'The Abdus Salam International Centre for Theoretical Physics, Trieste, Italy'.
The 'version' element in the path is not of the format 'vYYYYMMDD': 'va250'.
DRS path building block 'version_realization' does not comply with the CORDEX-CMIP6 Archive Specifications: 'RegCM5-0'. Expected pattern: 'v[1-9]\d*-r[1-9]\d*', eg. 'v1-r3'.
",390,391,0,1,0,,"attribute va250:_QuantizeBitGroomNumberOfSignificantDigits should begin with a letter and be composed of letters, digits, and underscores
",
/mnt/CORDEX_CMIP6_tmp/sim_data/CORDEX-CMIP6/DD/EUR-12/ICTP/NorESM2-MM/historical/r1i1p1f1/RegCM5-0/v1-r1/6hr/va300/va300_EUR-12_NorESM2-MM_historical_r1i1p1f1_ICTP_RegCM5-0_v1-r1_6hr_199001010600-199101010000.nc,va300,EUR-12,NorESM2-MM,historical,r1i1p1f1,ICTP,RegCM5-0,v1-r1,6hr,va300,71,86,10,5,0,,"Your 'calendar' attribute is not one of the recommended calendars ('standard', 'proleptic_gregorian'): 'noleap'. The use of another calendar is OK in case it has been inherited from the driving model.
It is recommended that data should be compressed with a 'deflate level' of '1' and enabled 'shuffle' option. The data is compressed with a higher 'deflate level' than recommended, this can lead to performance issues when accessing the data.
The first timestep differs from expectation ('1990-01-01 00:00:00'): '1990-01-01 06:00:00'. '1' full simulation year is expected in the data file for frequency '6hr'.
The last timestep differs from expectation ('1990-12-31 18:00:00'): '1991-01-01 00:00:00'. '1' full simulation year is expected in the data file for frequency '6hr'.
It is recommended for the variables 'rlat' and 'rlon' or 'x' and 'y' to have bounds defined.
It is recommended for the variables 'lat' and 'lon' to have bounds defined.
","DRS path building block 'frequency' does not comply with the CV: 'v1-r1'. Allowed values: '1hr', '3hr', '6hr', ...
DRS path building block 'source_id' does not comply with the CV: 'r1i1p1f1'. Allowed values: 'ALARO1-SFX', 'BARPA-R1-NN', 'CCAM-v2105', ...
DRS path building block 'driving_variant_label' does not comply with the CV: 'historical'. Expected value/pattern: 'r[[:digit:]]\{1,\}i[[:digit:]]\{1,\}p[[:digit:]]\{1,\}f[[:digit:]]\{1,\}$'.
DRS path building block 'driving_experiment_id' does not comply with the CV: 'NorESM2-MM'. Allowed values: 'evaluation', 'historical', 'ssp119', ...
DRS path building block 'driving_source_id' does not comply with the CV: 'ICTP'. Allowed values: '4AOP-v1-5', 'ACCESS-CM2', 'ACCESS-ESM1-5', ...
DRS path building block 'institution_id' does not comply with the CV: 'EUR-12'. Allowed values: 'AUTH', 'BAS', 'BCCR-UCAN', ...
DRS path building block 'domain_id' does not comply with the CV: 'DD'. Allowed values: 'SAM-50', 'CAM-50', 'NAM-50', ...
DRS path building block 'activity_id' does not comply with the CV: 'CORDEX-CMIP6'. Allowed values: 'DD', 'ESD'.
DRS path building block 'project_id' does not comply with the CV: 'sim_data'. Expected value/pattern: 'CORDEX-CMIP6'.
Value for DRS building block 'activity_id' is not consistent between 'file path' and 'global attributes': 'CORDEX-CMIP6' and 'DD'.
Value for DRS building block 'domain_id' is not consistent between 'file name' and 'file path' and 'global attributes': 'EUR-12' and 'DD' and 'EUR-12'.
Value for DRS building block 'driving_experiment_id' is not consistent between 'file name' and 'file path' and 'global attributes': 'historical' and 'NorESM2-MM' and 'historical'.
Value for DRS building block 'driving_source_id' is not consistent between 'file name' and 'file path' and 'global attributes': 'NorESM2-MM' and 'ICTP' and 'NorESM2-MM'.
Value for DRS building block 'driving_variant_label' is not consistent between 'file name' and 'file path' and 'global attributes': 'r1i1p1f1' and 'historical' and 'r1i1p1f1'.
Value for DRS building block 'frequency' is not consistent between 'file name' and 'file path' and 'global attributes': '6hr' and 'v1-r1' and '6hr'.
Value for DRS building block 'institution_id' is not consistent between 'file name' and 'file path' and 'global attributes': 'ICTP' and 'EUR-12' and 'ICTP'.
Value for DRS building block 'project_id' is not consistent between 'file path' and 'global attributes': 'sim_data' and 'CORDEX-CMIP6'.
Value for DRS building block 'source_id' is not consistent between 'file name' and 'file path' and 'global attributes': 'RegCM5-0' and 'r1i1p1f1' and 'RegCM5-0'.
Value for DRS building block 'variable_id' is not consistent between 'file name' and 'file path' and 'global attributes': 'va300' and '6hr' and 'va300'.
Value for DRS building block 'version_realization' is not consistent between 'file name' and 'file path' and 'global attributes': 'v1-r1' and 'RegCM5-0' and 'v1-r1'.
Global attribute 'license' does not comply with the CV: 'Creative Commons Attribution 4.0 International License (CC BY 4.0; https://creativecommons.org/licenses/by/4.0).'. Expected value/pattern: 'https://cordex.org/data-access/cordex-cmip6-data/cordex-cmip6-terms-of-use'.
Global attribute 'license' does not comply with the CV: 'Creative Commons Attribution 4.0 International License (CC BY 4.0; https://creativecommons.org/licenses/by/4.0).'. Expected value/pattern: 'https://cordex.org/data-access/cordex-cmip6-data/cordex-cmip6-terms-of-use'.
Global attribute 'source' does not comply with the CV: 'The ICTP RegCM version 5 using non hydrostatic MOLOCH dynamical core'. Expected value/pattern: 'The ICTP RegCM version 5 using non hydrostatic MOLOCH dynamical core (2023)'.
Global attribute 'tracking_id' does not comply with the CV: 'def9aa36-6bc5-11f0-b97a-00001029fe80'. Expected value/pattern: 'hdl:21.14103/.*'.
The CMOR table denoted by the global attribute 'table_id' is not the expected one ('6hr'): 'unknown'.
Your time axis' 'units' attribute differs from the allowed values ('days since 1950-01-01T00:00:00Z', 'days since 1850-01-01T00:00:00Z' if the pre-1950 era is included in the group's simulations): 'hours since 1950-01-01 00:00:00'.
The dimension / coordinate 'longitude' of the variable 'va300' requires bounds to be defined.
The dimension / coordinate 'latitude' of the variable 'va300' requires bounds to be defined.
The variable attribute 'va300:long_name = 'Northward Wind' is not equivalent to the value specified in the CMOR table ('Northward Wind at 300hPa').
The variable attribute 'va300:cell_methods = 'time: point' is not equivalent to the value specified in the CMOR table ('area: mean time: point').
The variable attribute 'va300:cell_measures = 'unset' is not equivalent to the value specified in the CMOR table ('area: areacella').
The grid_mapping_name 'rotated_latitude_longitude' requires the variables 'rlat' and 'rlon' to be present in the file defining the native coordinate system used by the RCM.
The global attribute 'institution' is not compliant with the CV: 'International Centre for Theoretical Physics' instead of 'The Abdus Salam International Centre for Theoretical Physics, Trieste, Italy'.
The 'version' element in the path is not of the format 'vYYYYMMDD': 'va300'.
DRS path building block 'version_realization' does not comply with the CORDEX-CMIP6 Archive Specifications: 'RegCM5-0'. Expected pattern: 'v[1-9]\d*-r[1-9]\d*', eg. 'v1-r3'.
",390,391,0,1,0,,"attribute va300:_QuantizeBitGroomNumberOfSignificantDigits should begin with a letter and be composed of letters, digits, and underscores
",
/mnt/CORDEX_CMIP6_tmp/sim_data/CORDEX-CMIP6/DD/EUR-12/ICTP/NorESM2-MM/historical/r1i1p1f1/RegCM5-0/v1-r1/6hr/va400/va400_EUR-12_NorESM2-MM_historical_r1i1p1f1_ICTP_RegCM5-0_v1-r1_6hr_198601010600-198701010000.nc,va400,EUR-12,NorESM2-MM,historical,r1i1p1f1,ICTP,RegCM5-0,v1-r1,6hr,va400,71,86,10,5,0,,"Your 'calendar' attribute is not one of the recommended calendars ('standard', 'proleptic_gregorian'): 'noleap'. The use of another calendar is OK in case it has been inherited from the driving model.
It is recommended that data should be compressed with a 'deflate level' of '1' and enabled 'shuffle' option. The data is compressed with a higher 'deflate level' than recommended, this can lead to performance issues when accessing the data.
The first timestep differs from expectation ('1986-01-01 00:00:00'): '1986-01-01 06:00:00'. '1' full simulation year is expected in the data file for frequency '6hr'.
The last timestep differs from expectation ('1986-12-31 18:00:00'): '1987-01-01 00:00:00'. '1' full simulation year is expected in the data file for frequency '6hr'.
It is recommended for the variables 'rlat' and 'rlon' or 'x' and 'y' to have bounds defined.
It is recommended for the variables 'lat' and 'lon' to have bounds defined.
","DRS path building block 'frequency' does not comply with the CV: 'v1-r1'. Allowed values: '1hr', '3hr', '6hr', ...
DRS path building block 'source_id' does not comply with the CV: 'r1i1p1f1'. Allowed values: 'ALARO1-SFX', 'BARPA-R1-NN', 'CCAM-v2105', ...
DRS path building block 'driving_variant_label' does not comply with the CV: 'historical'. Expected value/pattern: 'r[[:digit:]]\{1,\}i[[:digit:]]\{1,\}p[[:digit:]]\{1,\}f[[:digit:]]\{1,\}$'.
DRS path building block 'driving_experiment_id' does not comply with the CV: 'NorESM2-MM'. Allowed values: 'evaluation', 'historical', 'ssp119', ...
DRS path building block 'driving_source_id' does not comply with the CV: 'ICTP'. Allowed values: '4AOP-v1-5', 'ACCESS-CM2', 'ACCESS-ESM1-5', ...
DRS path building block 'institution_id' does not comply with the CV: 'EUR-12'. Allowed values: 'AUTH', 'BAS', 'BCCR-UCAN', ...
DRS path building block 'domain_id' does not comply with the CV: 'DD'. Allowed values: 'SAM-50', 'CAM-50', 'NAM-50', ...
DRS path building block 'activity_id' does not comply with the CV: 'CORDEX-CMIP6'. Allowed values: 'DD', 'ESD'.
DRS path building block 'project_id' does not comply with the CV: 'sim_data'. Expected value/pattern: 'CORDEX-CMIP6'.
Value for DRS building block 'activity_id' is not consistent between 'file path' and 'global attributes': 'CORDEX-CMIP6' and 'DD'.
Value for DRS building block 'domain_id' is not consistent between 'file name' and 'file path' and 'global attributes': 'EUR-12' and 'DD' and 'EUR-12'.
Value for DRS building block 'driving_experiment_id' is not consistent between 'file name' and 'file path' and 'global attributes': 'historical' and 'NorESM2-MM' and 'historical'.
Value for DRS building block 'driving_source_id' is not consistent between 'file name' and 'file path' and 'global attributes': 'NorESM2-MM' and 'ICTP' and 'NorESM2-MM'.
Value for DRS building block 'driving_variant_label' is not consistent between 'file name' and 'file path' and 'global attributes': 'r1i1p1f1' and 'historical' and 'r1i1p1f1'.
Value for DRS building block 'frequency' is not consistent between 'file name' and 'file path' and 'global attributes': '6hr' and 'v1-r1' and '6hr'.
Value for DRS building block 'institution_id' is not consistent between 'file name' and 'file path' and 'global attributes': 'ICTP' and 'EUR-12' and 'ICTP'.
Value for DRS building block 'project_id' is not consistent between 'file path' and 'global attributes': 'sim_data' and 'CORDEX-CMIP6'.
Value for DRS building block 'source_id' is not consistent between 'file name' and 'file path' and 'global attributes': 'RegCM5-0' and 'r1i1p1f1' and 'RegCM5-0'.
Value for DRS building block 'variable_id' is not consistent between 'file name' and 'file path' and 'global attributes': 'va400' and '6hr' and 'va400'.
Value for DRS building block 'version_realization' is not consistent between 'file name' and 'file path' and 'global attributes': 'v1-r1' and 'RegCM5-0' and 'v1-r1'.
Global attribute 'license' does not comply with the CV: 'Creative Commons Attribution 4.0 International License (CC BY 4.0; https://creativecommons.org/licenses/by/4.0).'. Expected value/pattern: 'https://cordex.org/data-access/cordex-cmip6-data/cordex-cmip6-terms-of-use'.
Global attribute 'license' does not comply with the CV: 'Creative Commons Attribution 4.0 International License (CC BY 4.0; https://creativecommons.org/licenses/by/4.0).'. Expected value/pattern: 'https://cordex.org/data-access/cordex-cmip6-data/cordex-cmip6-terms-of-use'.
Global attribute 'source' does not comply with the CV: 'The ICTP RegCM version 5 using non hydrostatic MOLOCH dynamical core'. Expected value/pattern: 'The ICTP RegCM version 5 using non hydrostatic MOLOCH dynamical core (2023)'.
Global attribute 'tracking_id' does not comply with the CV: 'a3a462a8-63e8-11f0-ab78-00001029fe80'. Expected value/pattern: 'hdl:21.14103/.*'.
The CMOR table denoted by the global attribute 'table_id' is not the expected one ('6hr'): 'unknown'.
Your time axis' 'units' attribute differs from the allowed values ('days since 1950-01-01T00:00:00Z', 'days since 1850-01-01T00:00:00Z' if the pre-1950 era is included in the group's simulations): 'hours since 1950-01-01 00:00:00'.
The dimension / coordinate 'longitude' of the variable 'va400' requires bounds to be defined.
The dimension / coordinate 'latitude' of the variable 'va400' requires bounds to be defined.
The variable attribute 'va400:long_name = 'Northward Wind' is not equivalent to the value specified in the CMOR table ('Northward Wind at 400hPa').
The variable attribute 'va400:cell_methods = 'time: point' is not equivalent to the value specified in the CMOR table ('area: mean time: point').
The variable attribute 'va400:cell_measures = 'unset' is not equivalent to the value specified in the CMOR table ('area: areacella').
The grid_mapping_name 'rotated_latitude_longitude' requires the variables 'rlat' and 'rlon' to be present in the file defining the native coordinate system used by the RCM.
The global attribute 'institution' is not compliant with the CV: 'International Centre for Theoretical Physics' instead of 'The Abdus Salam International Centre for Theoretical Physics, Trieste, Italy'.
The 'version' element in the path is not of the format 'vYYYYMMDD': 'va400'.
DRS path building block 'version_realization' does not comply with the CORDEX-CMIP6 Archive Specifications: 'RegCM5-0'. Expected pattern: 'v[1-9]\d*-r[1-9]\d*', eg. 'v1-r3'.
",390,391,0,1,0,,"attribute va400:_QuantizeBitGroomNumberOfSignificantDigits should begin with a letter and be composed of letters, digits, and underscores
",
/mnt/CORDEX_CMIP6_tmp/sim_data/CORDEX-CMIP6/DD/EUR-12/ICTP/NorESM2-MM/historical/r1i1p1f1/RegCM5-0/v1-r1/6hr/va500/va500_EUR-12_NorESM2-MM_historical_r1i1p1f1_ICTP_RegCM5-0_v1-r1_6hr_198701010600-198801010000.nc,va500,EUR-12,NorESM2-MM,historical,r1i1p1f1,ICTP,RegCM5-0,v1-r1,6hr,va500,71,86,10,5,0,,"Your 'calendar' attribute is not one of the recommended calendars ('standard', 'proleptic_gregorian'): 'noleap'. The use of another calendar is OK in case it has been inherited from the driving model.
It is recommended that data should be compressed with a 'deflate level' of '1' and enabled 'shuffle' option. The data is compressed with a higher 'deflate level' than recommended, this can lead to performance issues when accessing the data.
The first timestep differs from expectation ('1987-01-01 00:00:00'): '1987-01-01 06:00:00'. '1' full simulation year is expected in the data file for frequency '6hr'.
The last timestep differs from expectation ('1987-12-31 18:00:00'): '1988-01-01 00:00:00'. '1' full simulation year is expected in the data file for frequency '6hr'.
It is recommended for the variables 'rlat' and 'rlon' or 'x' and 'y' to have bounds defined.
It is recommended for the variables 'lat' and 'lon' to have bounds defined.
","DRS path building block 'frequency' does not comply with the CV: 'v1-r1'. Allowed values: '1hr', '3hr', '6hr', ...
DRS path building block 'source_id' does not comply with the CV: 'r1i1p1f1'. Allowed values: 'ALARO1-SFX', 'BARPA-R1-NN', 'CCAM-v2105', ...
DRS path building block 'driving_variant_label' does not comply with the CV: 'historical'. Expected value/pattern: 'r[[:digit:]]\{1,\}i[[:digit:]]\{1,\}p[[:digit:]]\{1,\}f[[:digit:]]\{1,\}$'.
DRS path building block 'driving_experiment_id' does not comply with the CV: 'NorESM2-MM'. Allowed values: 'evaluation', 'historical', 'ssp119', ...
DRS path building block 'driving_source_id' does not comply with the CV: 'ICTP'. Allowed values: '4AOP-v1-5', 'ACCESS-CM2', 'ACCESS-ESM1-5', ...
DRS path building block 'institution_id' does not comply with the CV: 'EUR-12'. Allowed values: 'AUTH', 'BAS', 'BCCR-UCAN', ...
DRS path building block 'domain_id' does not comply with the CV: 'DD'. Allowed values: 'SAM-50', 'CAM-50', 'NAM-50', ...
DRS path building block 'activity_id' does not comply with the CV: 'CORDEX-CMIP6'. Allowed values: 'DD', 'ESD'.
DRS path building block 'project_id' does not comply with the CV: 'sim_data'. Expected value/pattern: 'CORDEX-CMIP6'.
Value for DRS building block 'activity_id' is not consistent between 'file path' and 'global attributes': 'CORDEX-CMIP6' and 'DD'.
Value for DRS building block 'domain_id' is not consistent between 'file name' and 'file path' and 'global attributes': 'EUR-12' and 'DD' and 'EUR-12'.
Value for DRS building block 'driving_experiment_id' is not consistent between 'file name' and 'file path' and 'global attributes': 'historical' and 'NorESM2-MM' and 'historical'.
Value for DRS building block 'driving_source_id' is not consistent between 'file name' and 'file path' and 'global attributes': 'NorESM2-MM' and 'ICTP' and 'NorESM2-MM'.
Value for DRS building block 'driving_variant_label' is not consistent between 'file name' and 'file path' and 'global attributes': 'r1i1p1f1' and 'historical' and 'r1i1p1f1'.
Value for DRS building block 'frequency' is not consistent between 'file name' and 'file path' and 'global attributes': '6hr' and 'v1-r1' and '6hr'.
Value for DRS building block 'institution_id' is not consistent between 'file name' and 'file path' and 'global attributes': 'ICTP' and 'EUR-12' and 'ICTP'.
Value for DRS building block 'project_id' is not consistent between 'file path' and 'global attributes': 'sim_data' and 'CORDEX-CMIP6'.
Value for DRS building block 'source_id' is not consistent between 'file name' and 'file path' and 'global attributes': 'RegCM5-0' and 'r1i1p1f1' and 'RegCM5-0'.
Value for DRS building block 'variable_id' is not consistent between 'file name' and 'file path' and 'global attributes': 'va500' and '6hr' and 'va500'.
Value for DRS building block 'version_realization' is not consistent between 'file name' and 'file path' and 'global attributes': 'v1-r1' and 'RegCM5-0' and 'v1-r1'.
Global attribute 'license' does not comply with the CV: 'Creative Commons Attribution 4.0 International License (CC BY 4.0; https://creativecommons.org/licenses/by/4.0).'. Expected value/pattern: 'https://cordex.org/data-access/cordex-cmip6-data/cordex-cmip6-terms-of-use'.
Global attribute 'license' does not comply with the CV: 'Creative Commons Attribution 4.0 International License (CC BY 4.0; https://creativecommons.org/licenses/by/4.0).'. Expected value/pattern: 'https://cordex.org/data-access/cordex-cmip6-data/cordex-cmip6-terms-of-use'.
Global attribute 'source' does not comply with the CV: 'The ICTP RegCM version 5 using non hydrostatic MOLOCH dynamical core'. Expected value/pattern: 'The ICTP RegCM version 5 using non hydrostatic MOLOCH dynamical core (2023)'.
Global attribute 'tracking_id' does not comply with the CV: '43a97d04-63f0-11f0-921d-00001029fe80'. Expected value/pattern: 'hdl:21.14103/.*'.
The CMOR table denoted by the global attribute 'table_id' is not the expected one ('6hr'): 'unknown'.
Your time axis' 'units' attribute differs from the allowed values ('days since 1950-01-01T00:00:00Z', 'days since 1850-01-01T00:00:00Z' if the pre-1950 era is included in the group's simulations): 'hours since 1950-01-01 00:00:00'.
The dimension / coordinate 'longitude' of the variable 'va500' requires bounds to be defined.
The dimension / coordinate 'latitude' of the variable 'va500' requires bounds to be defined.
The variable attribute 'va500:long_name = 'Northward Wind' is not equivalent to the value specified in the CMOR table ('Northward Wind at 500hPa').
The variable attribute 'va500:cell_methods = 'time: point' is not equivalent to the value specified in the CMOR table ('area: mean time: point').
The variable attribute 'va500:cell_measures = 'unset' is not equivalent to the value specified in the CMOR table ('area: areacella').
The grid_mapping_name 'rotated_latitude_longitude' requires the variables 'rlat' and 'rlon' to be present in the file defining the native coordinate system used by the RCM.
The global attribute 'institution' is not compliant with the CV: 'International Centre for Theoretical Physics' instead of 'The Abdus Salam International Centre for Theoretical Physics, Trieste, Italy'.
The 'version' element in the path is not of the format 'vYYYYMMDD': 'va500'.
DRS path building block 'version_realization' does not comply with the CORDEX-CMIP6 Archive Specifications: 'RegCM5-0'. Expected pattern: 'v[1-9]\d*-r[1-9]\d*', eg. 'v1-r3'.
",390,391,0,1,0,,"attribute va500:_QuantizeBitGroomNumberOfSignificantDigits should begin with a letter and be composed of letters, digits, and underscores
",
/mnt/CORDEX_CMIP6_tmp/sim_data/CORDEX-CMIP6/DD/EUR-12/ICTP/NorESM2-MM/historical/r1i1p1f1/RegCM5-0/v1-r1/6hr/va600/va600_EUR-12_NorESM2-MM_historical_r1i1p1f1_ICTP_RegCM5-0_v1-r1_6hr_199001010600-199101010000.nc,va600,EUR-12,NorESM2-MM,historical,r1i1p1f1,ICTP,RegCM5-0,v1-r1,6hr,va600,71,86,10,5,0,,"Your 'calendar' attribute is not one of the recommended calendars ('standard', 'proleptic_gregorian'): 'noleap'. The use of another calendar is OK in case it has been inherited from the driving model.
It is recommended that data should be compressed with a 'deflate level' of '1' and enabled 'shuffle' option. The data is compressed with a higher 'deflate level' than recommended, this can lead to performance issues when accessing the data.
The first timestep differs from expectation ('1990-01-01 00:00:00'): '1990-01-01 06:00:00'. '1' full simulation year is expected in the data file for frequency '6hr'.
The last timestep differs from expectation ('1990-12-31 18:00:00'): '1991-01-01 00:00:00'. '1' full simulation year is expected in the data file for frequency '6hr'.
It is recommended for the variables 'rlat' and 'rlon' or 'x' and 'y' to have bounds defined.
It is recommended for the variables 'lat' and 'lon' to have bounds defined.
","DRS path building block 'frequency' does not comply with the CV: 'v1-r1'. Allowed values: '1hr', '3hr', '6hr', ...
DRS path building block 'source_id' does not comply with the CV: 'r1i1p1f1'. Allowed values: 'ALARO1-SFX', 'BARPA-R1-NN', 'CCAM-v2105', ...
DRS path building block 'driving_variant_label' does not comply with the CV: 'historical'. Expected value/pattern: 'r[[:digit:]]\{1,\}i[[:digit:]]\{1,\}p[[:digit:]]\{1,\}f[[:digit:]]\{1,\}$'.
DRS path building block 'driving_experiment_id' does not comply with the CV: 'NorESM2-MM'. Allowed values: 'evaluation', 'historical', 'ssp119', ...
DRS path building block 'driving_source_id' does not comply with the CV: 'ICTP'. Allowed values: '4AOP-v1-5', 'ACCESS-CM2', 'ACCESS-ESM1-5', ...
DRS path building block 'institution_id' does not comply with the CV: 'EUR-12'. Allowed values: 'AUTH', 'BAS', 'BCCR-UCAN', ...
DRS path building block 'domain_id' does not comply with the CV: 'DD'. Allowed values: 'SAM-50', 'CAM-50', 'NAM-50', ...
DRS path building block 'activity_id' does not comply with the CV: 'CORDEX-CMIP6'. Allowed values: 'DD', 'ESD'.
DRS path building block 'project_id' does not comply with the CV: 'sim_data'. Expected value/pattern: 'CORDEX-CMIP6'.
Value for DRS building block 'activity_id' is not consistent between 'file path' and 'global attributes': 'CORDEX-CMIP6' and 'DD'.
Value for DRS building block 'domain_id' is not consistent between 'file name' and 'file path' and 'global attributes': 'EUR-12' and 'DD' and 'EUR-12'.
Value for DRS building block 'driving_experiment_id' is not consistent between 'file name' and 'file path' and 'global attributes': 'historical' and 'NorESM2-MM' and 'historical'.
Value for DRS building block 'driving_source_id' is not consistent between 'file name' and 'file path' and 'global attributes': 'NorESM2-MM' and 'ICTP' and 'NorESM2-MM'.
Value for DRS building block 'driving_variant_label' is not consistent between 'file name' and 'file path' and 'global attributes': 'r1i1p1f1' and 'historical' and 'r1i1p1f1'.
Value for DRS building block 'frequency' is not consistent between 'file name' and 'file path' and 'global attributes': '6hr' and 'v1-r1' and '6hr'.
Value for DRS building block 'institution_id' is not consistent between 'file name' and 'file path' and 'global attributes': 'ICTP' and 'EUR-12' and 'ICTP'.
Value for DRS building block 'project_id' is not consistent between 'file path' and 'global attributes': 'sim_data' and 'CORDEX-CMIP6'.
Value for DRS building block 'source_id' is not consistent between 'file name' and 'file path' and 'global attributes': 'RegCM5-0' and 'r1i1p1f1' and 'RegCM5-0'.
Value for DRS building block 'variable_id' is not consistent between 'file name' and 'file path' and 'global attributes': 'va600' and '6hr' and 'va600'.
Value for DRS building block 'version_realization' is not consistent between 'file name' and 'file path' and 'global attributes': 'v1-r1' and 'RegCM5-0' and 'v1-r1'.
Global attribute 'license' does not comply with the CV: 'Creative Commons Attribution 4.0 International License (CC BY 4.0; https://creativecommons.org/licenses/by/4.0).'. Expected value/pattern: 'https://cordex.org/data-access/cordex-cmip6-data/cordex-cmip6-terms-of-use'.
Global attribute 'license' does not comply with the CV: 'Creative Commons Attribution 4.0 International License (CC BY 4.0; https://creativecommons.org/licenses/by/4.0).'. Expected value/pattern: 'https://cordex.org/data-access/cordex-cmip6-data/cordex-cmip6-terms-of-use'.
Global attribute 'source' does not comply with the CV: 'The ICTP RegCM version 5 using non hydrostatic MOLOCH dynamical core'. Expected value/pattern: 'The ICTP RegCM version 5 using non hydrostatic MOLOCH dynamical core (2023)'.
Global attribute 'tracking_id' does not comply with the CV: 'd9d0e132-6bc5-11f0-b97a-00001029fe80'. Expected value/pattern: 'hdl:21.14103/.*'.
The CMOR table denoted by the global attribute 'table_id' is not the expected one ('6hr'): 'unknown'.
Your time axis' 'units' attribute differs from the allowed values ('days since 1950-01-01T00:00:00Z', 'days since 1850-01-01T00:00:00Z' if the pre-1950 era is included in the group's simulations): 'hours since 1950-01-01 00:00:00'.
The dimension / coordinate 'longitude' of the variable 'va600' requires bounds to be defined.
The dimension / coordinate 'latitude' of the variable 'va600' requires bounds to be defined.
The variable attribute 'va600:long_name = 'Northward Wind' is not equivalent to the value specified in the CMOR table ('Northward Wind at 600hPa').
The variable attribute 'va600:cell_methods = 'time: point' is not equivalent to the value specified in the CMOR table ('area: mean time: point').
The variable attribute 'va600:cell_measures = 'unset' is not equivalent to the value specified in the CMOR table ('area: areacella').
The grid_mapping_name 'rotated_latitude_longitude' requires the variables 'rlat' and 'rlon' to be present in the file defining the native coordinate system used by the RCM.
The global attribute 'institution' is not compliant with the CV: 'International Centre for Theoretical Physics' instead of 'The Abdus Salam International Centre for Theoretical Physics, Trieste, Italy'.
The 'version' element in the path is not of the format 'vYYYYMMDD': 'va600'.
DRS path building block 'version_realization' does not comply with the CORDEX-CMIP6 Archive Specifications: 'RegCM5-0'. Expected pattern: 'v[1-9]\d*-r[1-9]\d*', eg. 'v1-r3'.
",390,391,0,1,0,,"attribute va600:_QuantizeBitGroomNumberOfSignificantDigits should begin with a letter and be composed of letters, digits, and underscores
",
/mnt/CORDEX_CMIP6_tmp/sim_data/CORDEX-CMIP6/DD/EUR-12/ICTP/NorESM2-MM/historical/r1i1p1f1/RegCM5-0/v1-r1/6hr/va700/va700_EUR-12_NorESM2-MM_historical_r1i1p1f1_ICTP_RegCM5-0_v1-r1_6hr_199401010600-199501010000.nc,va700,EUR-12,NorESM2-MM,historical,r1i1p1f1,ICTP,RegCM5-0,v1-r1,6hr,va700,71,86,10,5,0,,"Your 'calendar' attribute is not one of the recommended calendars ('standard', 'proleptic_gregorian'): 'noleap'. The use of another calendar is OK in case it has been inherited from the driving model.
It is recommended that data should be compressed with a 'deflate level' of '1' and enabled 'shuffle' option. The data is compressed with a higher 'deflate level' than recommended, this can lead to performance issues when accessing the data.
The first timestep differs from expectation ('1994-01-01 00:00:00'): '1994-01-01 06:00:00'. '1' full simulation year is expected in the data file for frequency '6hr'.
The last timestep differs from expectation ('1994-12-31 18:00:00'): '1995-01-01 00:00:00'. '1' full simulation year is expected in the data file for frequency '6hr'.
It is recommended for the variables 'rlat' and 'rlon' or 'x' and 'y' to have bounds defined.
It is recommended for the variables 'lat' and 'lon' to have bounds defined.
","DRS path building block 'frequency' does not comply with the CV: 'v1-r1'. Allowed values: '1hr', '3hr', '6hr', ...
DRS path building block 'source_id' does not comply with the CV: 'r1i1p1f1'. Allowed values: 'ALARO1-SFX', 'BARPA-R1-NN', 'CCAM-v2105', ...
DRS path building block 'driving_variant_label' does not comply with the CV: 'historical'. Expected value/pattern: 'r[[:digit:]]\{1,\}i[[:digit:]]\{1,\}p[[:digit:]]\{1,\}f[[:digit:]]\{1,\}$'.
DRS path building block 'driving_experiment_id' does not comply with the CV: 'NorESM2-MM'. Allowed values: 'evaluation', 'historical', 'ssp119', ...
DRS path building block 'driving_source_id' does not comply with the CV: 'ICTP'. Allowed values: '4AOP-v1-5', 'ACCESS-CM2', 'ACCESS-ESM1-5', ...
DRS path building block 'institution_id' does not comply with the CV: 'EUR-12'. Allowed values: 'AUTH', 'BAS', 'BCCR-UCAN', ...
DRS path building block 'domain_id' does not comply with the CV: 'DD'. Allowed values: 'SAM-50', 'CAM-50', 'NAM-50', ...
DRS path building block 'activity_id' does not comply with the CV: 'CORDEX-CMIP6'. Allowed values: 'DD', 'ESD'.
DRS path building block 'project_id' does not comply with the CV: 'sim_data'. Expected value/pattern: 'CORDEX-CMIP6'.
Value for DRS building block 'activity_id' is not consistent between 'file path' and 'global attributes': 'CORDEX-CMIP6' and 'DD'.
Value for DRS building block 'domain_id' is not consistent between 'file name' and 'file path' and 'global attributes': 'EUR-12' and 'DD' and 'EUR-12'.
Value for DRS building block 'driving_experiment_id' is not consistent between 'file name' and 'file path' and 'global attributes': 'historical' and 'NorESM2-MM' and 'historical'.
Value for DRS building block 'driving_source_id' is not consistent between 'file name' and 'file path' and 'global attributes': 'NorESM2-MM' and 'ICTP' and 'NorESM2-MM'.
Value for DRS building block 'driving_variant_label' is not consistent between 'file name' and 'file path' and 'global attributes': 'r1i1p1f1' and 'historical' and 'r1i1p1f1'.
Value for DRS building block 'frequency' is not consistent between 'file name' and 'file path' and 'global attributes': '6hr' and 'v1-r1' and '6hr'.
Value for DRS building block 'institution_id' is not consistent between 'file name' and 'file path' and 'global attributes': 'ICTP' and 'EUR-12' and 'ICTP'.
Value for DRS building block 'project_id' is not consistent between 'file path' and 'global attributes': 'sim_data' and 'CORDEX-CMIP6'.
Value for DRS building block 'source_id' is not consistent between 'file name' and 'file path' and 'global attributes': 'RegCM5-0' and 'r1i1p1f1' and 'RegCM5-0'.
Value for DRS building block 'variable_id' is not consistent between 'file name' and 'file path' and 'global attributes': 'va700' and '6hr' and 'va700'.
Value for DRS building block 'version_realization' is not consistent between 'file name' and 'file path' and 'global attributes': 'v1-r1' and 'RegCM5-0' and 'v1-r1'.
Global attribute 'license' does not comply with the CV: 'Creative Commons Attribution 4.0 International License (CC BY 4.0; https://creativecommons.org/licenses/by/4.0).'. Expected value/pattern: 'https://cordex.org/data-access/cordex-cmip6-data/cordex-cmip6-terms-of-use'.
Global attribute 'license' does not comply with the CV: 'Creative Commons Attribution 4.0 International License (CC BY 4.0; https://creativecommons.org/licenses/by/4.0).'. Expected value/pattern: 'https://cordex.org/data-access/cordex-cmip6-data/cordex-cmip6-terms-of-use'.
Global attribute 'source' does not comply with the CV: 'The ICTP RegCM version 5 using non hydrostatic MOLOCH dynamical core'. Expected value/pattern: 'The ICTP RegCM version 5 using non hydrostatic MOLOCH dynamical core (2023)'.
Global attribute 'tracking_id' does not comply with the CV: 'bc3d6a38-6bdd-11f0-98a3-00001029fe80'. Expected value/pattern: 'hdl:21.14103/.*'.
The CMOR table denoted by the global attribute 'table_id' is not the expected one ('6hr'): 'unknown'.
Your time axis' 'units' attribute differs from the allowed values ('days since 1950-01-01T00:00:00Z', 'days since 1850-01-01T00:00:00Z' if the pre-1950 era is included in the group's simulations): 'hours since 1950-01-01 00:00:00'.
The dimension / coordinate 'longitude' of the variable 'va700' requires bounds to be defined.
The dimension / coordinate 'latitude' of the variable 'va700' requires bounds to be defined.
The variable attribute 'va700:long_name = 'Northward Wind' is not equivalent to the value specified in the CMOR table ('Northward Wind at 700hPa').
The variable attribute 'va700:cell_methods = 'time: point' is not equivalent to the value specified in the CMOR table ('area: mean time: point').
The variable attribute 'va700:cell_measures = 'unset' is not equivalent to the value specified in the CMOR table ('area: areacella').
The grid_mapping_name 'rotated_latitude_longitude' requires the variables 'rlat' and 'rlon' to be present in the file defining the native coordinate system used by the RCM.
The global attribute 'institution' is not compliant with the CV: 'International Centre for Theoretical Physics' instead of 'The Abdus Salam International Centre for Theoretical Physics, Trieste, Italy'.
The 'version' element in the path is not of the format 'vYYYYMMDD': 'va700'.
DRS path building block 'version_realization' does not comply with the CORDEX-CMIP6 Archive Specifications: 'RegCM5-0'. Expected pattern: 'v[1-9]\d*-r[1-9]\d*', eg. 'v1-r3'.
",390,391,0,1,0,,"attribute va700:_QuantizeBitGroomNumberOfSignificantDigits should begin with a letter and be composed of letters, digits, and underscores
",
/mnt/CORDEX_CMIP6_tmp/sim_data/CORDEX-CMIP6/DD/EUR-12/ICTP/NorESM2-MM/historical/r1i1p1f1/RegCM5-0/v1-r1/6hr/va850/va850_EUR-12_NorESM2-MM_historical_r1i1p1f1_ICTP_RegCM5-0_v1-r1_6hr_198101010600-198201010000.nc,va850,EUR-12,NorESM2-MM,historical,r1i1p1f1,ICTP,RegCM5-0,v1-r1,6hr,va850,71,86,10,5,0,,"Your 'calendar' attribute is not one of the recommended calendars ('standard', 'proleptic_gregorian'): 'noleap'. The use of another calendar is OK in case it has been inherited from the driving model.
It is recommended that data should be compressed with a 'deflate level' of '1' and enabled 'shuffle' option. The data is compressed with a higher 'deflate level' than recommended, this can lead to performance issues when accessing the data.
The first timestep differs from expectation ('1981-01-01 00:00:00'): '1981-01-01 06:00:00'. '1' full simulation year is expected in the data file for frequency '6hr'.
The last timestep differs from expectation ('1981-12-31 18:00:00'): '1982-01-01 00:00:00'. '1' full simulation year is expected in the data file for frequency '6hr'.
It is recommended for the variables 'rlat' and 'rlon' or 'x' and 'y' to have bounds defined.
It is recommended for the variables 'lat' and 'lon' to have bounds defined.
","DRS path building block 'frequency' does not comply with the CV: 'v1-r1'. Allowed values: '1hr', '3hr', '6hr', ...
DRS path building block 'source_id' does not comply with the CV: 'r1i1p1f1'. Allowed values: 'ALARO1-SFX', 'BARPA-R1-NN', 'CCAM-v2105', ...
DRS path building block 'driving_variant_label' does not comply with the CV: 'historical'. Expected value/pattern: 'r[[:digit:]]\{1,\}i[[:digit:]]\{1,\}p[[:digit:]]\{1,\}f[[:digit:]]\{1,\}$'.
DRS path building block 'driving_experiment_id' does not comply with the CV: 'NorESM2-MM'. Allowed values: 'evaluation', 'historical', 'ssp119', ...
DRS path building block 'driving_source_id' does not comply with the CV: 'ICTP'. Allowed values: '4AOP-v1-5', 'ACCESS-CM2', 'ACCESS-ESM1-5', ...
DRS path building block 'institution_id' does not comply with the CV: 'EUR-12'. Allowed values: 'AUTH', 'BAS', 'BCCR-UCAN', ...
DRS path building block 'domain_id' does not comply with the CV: 'DD'. Allowed values: 'SAM-50', 'CAM-50', 'NAM-50', ...
DRS path building block 'activity_id' does not comply with the CV: 'CORDEX-CMIP6'. Allowed values: 'DD', 'ESD'.
DRS path building block 'project_id' does not comply with the CV: 'sim_data'. Expected value/pattern: 'CORDEX-CMIP6'.
Value for DRS building block 'activity_id' is not consistent between 'file path' and 'global attributes': 'CORDEX-CMIP6' and 'DD'.
Value for DRS building block 'domain_id' is not consistent between 'file name' and 'file path' and 'global attributes': 'EUR-12' and 'DD' and 'EUR-12'.
Value for DRS building block 'driving_experiment_id' is not consistent between 'file name' and 'file path' and 'global attributes': 'historical' and 'NorESM2-MM' and 'historical'.
Value for DRS building block 'driving_source_id' is not consistent between 'file name' and 'file path' and 'global attributes': 'NorESM2-MM' and 'ICTP' and 'NorESM2-MM'.
Value for DRS building block 'driving_variant_label' is not consistent between 'file name' and 'file path' and 'global attributes': 'r1i1p1f1' and 'historical' and 'r1i1p1f1'.
Value for DRS building block 'frequency' is not consistent between 'file name' and 'file path' and 'global attributes': '6hr' and 'v1-r1' and '6hr'.
Value for DRS building block 'institution_id' is not consistent between 'file name' and 'file path' and 'global attributes': 'ICTP' and 'EUR-12' and 'ICTP'.
Value for DRS building block 'project_id' is not consistent between 'file path' and 'global attributes': 'sim_data' and 'CORDEX-CMIP6'.
Value for DRS building block 'source_id' is not consistent between 'file name' and 'file path' and 'global attributes': 'RegCM5-0' and 'r1i1p1f1' and 'RegCM5-0'.
Value for DRS building block 'variable_id' is not consistent between 'file name' and 'file path' and 'global attributes': 'va850' and '6hr' and 'va850'.
Value for DRS building block 'version_realization' is not consistent between 'file name' and 'file path' and 'global attributes': 'v1-r1' and 'RegCM5-0' and 'v1-r1'.
Global attribute 'license' does not comply with the CV: 'Creative Commons Attribution 4.0 International License (CC BY 4.0; https://creativecommons.org/licenses/by/4.0).'. Expected value/pattern: 'https://cordex.org/data-access/cordex-cmip6-data/cordex-cmip6-terms-of-use'.
Global attribute 'license' does not comply with the CV: 'Creative Commons Attribution 4.0 International License (CC BY 4.0; https://creativecommons.org/licenses/by/4.0).'. Expected value/pattern: 'https://cordex.org/data-access/cordex-cmip6-data/cordex-cmip6-terms-of-use'.
Global attribute 'source' does not comply with the CV: 'The ICTP RegCM version 5 using non hydrostatic MOLOCH dynamical core'. Expected value/pattern: 'The ICTP RegCM version 5 using non hydrostatic MOLOCH dynamical core (2023)'.
Global attribute 'tracking_id' does not comply with the CV: '637c3cfe-63bc-11f0-b0a7-00001029fe80'. Expected value/pattern: 'hdl:21.14103/.*'.
The CMOR table denoted by the global attribute 'table_id' is not the expected one ('6hr'): 'unknown'.
Your time axis' 'units' attribute differs from the allowed values ('days since 1950-01-01T00:00:00Z', 'days since 1850-01-01T00:00:00Z' if the pre-1950 era is included in the group's simulations): 'hours since 1950-01-01 00:00:00'.
The dimension / coordinate 'longitude' of the variable 'va850' requires bounds to be defined.
The dimension / coordinate 'latitude' of the variable 'va850' requires bounds to be defined.
The variable attribute 'va850:long_name = 'Northward Wind' is not equivalent to the value specified in the CMOR table ('Northward Wind at 850hPa').
The variable attribute 'va850:cell_methods = 'time: point' is not equivalent to the value specified in the CMOR table ('area: mean time: point').
The variable attribute 'va850:cell_measures = 'unset' is not equivalent to the value specified in the CMOR table ('area: areacella').
The grid_mapping_name 'rotated_latitude_longitude' requires the variables 'rlat' and 'rlon' to be present in the file defining the native coordinate system used by the RCM.
The global attribute 'institution' is not compliant with the CV: 'International Centre for Theoretical Physics' instead of 'The Abdus Salam International Centre for Theoretical Physics, Trieste, Italy'.
The 'version' element in the path is not of the format 'vYYYYMMDD': 'va850'.
DRS path building block 'version_realization' does not comply with the CORDEX-CMIP6 Archive Specifications: 'RegCM5-0'. Expected pattern: 'v[1-9]\d*-r[1-9]\d*', eg. 'v1-r3'.
",390,391,0,1,0,,"attribute va850:_QuantizeBitGroomNumberOfSignificantDigits should begin with a letter and be composed of letters, digits, and underscores
",
/mnt/CORDEX_CMIP6_tmp/sim_data/CORDEX-CMIP6/DD/EUR-12/ICTP/NorESM2-MM/historical/r1i1p1f1/RegCM5-0/v1-r1/6hr/va925/va925_EUR-12_NorESM2-MM_historical_r1i1p1f1_ICTP_RegCM5-0_v1-r1_6hr_199701010600-199801010000.nc,va925,EUR-12,NorESM2-MM,historical,r1i1p1f1,ICTP,RegCM5-0,v1-r1,6hr,va925,71,86,10,5,0,,"Your 'calendar' attribute is not one of the recommended calendars ('standard', 'proleptic_gregorian'): 'noleap'. The use of another calendar is OK in case it has been inherited from the driving model.
It is recommended that data should be compressed with a 'deflate level' of '1' and enabled 'shuffle' option. The data is compressed with a higher 'deflate level' than recommended, this can lead to performance issues when accessing the data.
The first timestep differs from expectation ('1997-01-01 00:00:00'): '1997-01-01 06:00:00'. '1' full simulation year is expected in the data file for frequency '6hr'.
The last timestep differs from expectation ('1997-12-31 18:00:00'): '1998-01-01 00:00:00'. '1' full simulation year is expected in the data file for frequency '6hr'.
It is recommended for the variables 'rlat' and 'rlon' or 'x' and 'y' to have bounds defined.
It is recommended for the variables 'lat' and 'lon' to have bounds defined.
","DRS path building block 'frequency' does not comply with the CV: 'v1-r1'. Allowed values: '1hr', '3hr', '6hr', ...
DRS path building block 'source_id' does not comply with the CV: 'r1i1p1f1'. Allowed values: 'ALARO1-SFX', 'BARPA-R1-NN', 'CCAM-v2105', ...
DRS path building block 'driving_variant_label' does not comply with the CV: 'historical'. Expected value/pattern: 'r[[:digit:]]\{1,\}i[[:digit:]]\{1,\}p[[:digit:]]\{1,\}f[[:digit:]]\{1,\}$'.
DRS path building block 'driving_experiment_id' does not comply with the CV: 'NorESM2-MM'. Allowed values: 'evaluation', 'historical', 'ssp119', ...
DRS path building block 'driving_source_id' does not comply with the CV: 'ICTP'. Allowed values: '4AOP-v1-5', 'ACCESS-CM2', 'ACCESS-ESM1-5', ...
DRS path building block 'institution_id' does not comply with the CV: 'EUR-12'. Allowed values: 'AUTH', 'BAS', 'BCCR-UCAN', ...
DRS path building block 'domain_id' does not comply with the CV: 'DD'. Allowed values: 'SAM-50', 'CAM-50', 'NAM-50', ...
DRS path building block 'activity_id' does not comply with the CV: 'CORDEX-CMIP6'. Allowed values: 'DD', 'ESD'.
DRS path building block 'project_id' does not comply with the CV: 'sim_data'. Expected value/pattern: 'CORDEX-CMIP6'.
Value for DRS building block 'activity_id' is not consistent between 'file path' and 'global attributes': 'CORDEX-CMIP6' and 'DD'.
Value for DRS building block 'domain_id' is not consistent between 'file name' and 'file path' and 'global attributes': 'EUR-12' and 'DD' and 'EUR-12'.
Value for DRS building block 'driving_experiment_id' is not consistent between 'file name' and 'file path' and 'global attributes': 'historical' and 'NorESM2-MM' and 'historical'.
Value for DRS building block 'driving_source_id' is not consistent between 'file name' and 'file path' and 'global attributes': 'NorESM2-MM' and 'ICTP' and 'NorESM2-MM'.
Value for DRS building block 'driving_variant_label' is not consistent between 'file name' and 'file path' and 'global attributes': 'r1i1p1f1' and 'historical' and 'r1i1p1f1'.
Value for DRS building block 'frequency' is not consistent between 'file name' and 'file path' and 'global attributes': '6hr' and 'v1-r1' and '6hr'.
Value for DRS building block 'institution_id' is not consistent between 'file name' and 'file path' and 'global attributes': 'ICTP' and 'EUR-12' and 'ICTP'.
Value for DRS building block 'project_id' is not consistent between 'file path' and 'global attributes': 'sim_data' and 'CORDEX-CMIP6'.
Value for DRS building block 'source_id' is not consistent between 'file name' and 'file path' and 'global attributes': 'RegCM5-0' and 'r1i1p1f1' and 'RegCM5-0'.
Value for DRS building block 'variable_id' is not consistent between 'file name' and 'file path' and 'global attributes': 'va925' and '6hr' and 'va925'.
Value for DRS building block 'version_realization' is not consistent between 'file name' and 'file path' and 'global attributes': 'v1-r1' and 'RegCM5-0' and 'v1-r1'.
Global attribute 'license' does not comply with the CV: 'Creative Commons Attribution 4.0 International License (CC BY 4.0; https://creativecommons.org/licenses/by/4.0).'. Expected value/pattern: 'https://cordex.org/data-access/cordex-cmip6-data/cordex-cmip6-terms-of-use'.
Global attribute 'license' does not comply with the CV: 'Creative Commons Attribution 4.0 International License (CC BY 4.0; https://creativecommons.org/licenses/by/4.0).'. Expected value/pattern: 'https://cordex.org/data-access/cordex-cmip6-data/cordex-cmip6-terms-of-use'.
Global attribute 'source' does not comply with the CV: 'The ICTP RegCM version 5 using non hydrostatic MOLOCH dynamical core'. Expected value/pattern: 'The ICTP RegCM version 5 using non hydrostatic MOLOCH dynamical core (2023)'.
Global attribute 'tracking_id' does not comply with the CV: '5babe184-6bee-11f0-8ebc-00001029fe80'. Expected value/pattern: 'hdl:21.14103/.*'.
The CMOR table denoted by the global attribute 'table_id' is not the expected one ('6hr'): 'unknown'.
Your time axis' 'units' attribute differs from the allowed values ('days since 1950-01-01T00:00:00Z', 'days since 1850-01-01T00:00:00Z' if the pre-1950 era is included in the group's simulations): 'hours since 1950-01-01 00:00:00'.
The dimension / coordinate 'longitude' of the variable 'va925' requires bounds to be defined.
The dimension / coordinate 'latitude' of the variable 'va925' requires bounds to be defined.
The variable attribute 'va925:long_name = 'Northward Wind' is not equivalent to the value specified in the CMOR table ('Northward Wind at 925hPa').
The variable attribute 'va925:cell_methods = 'time: point' is not equivalent to the value specified in the CMOR table ('area: mean time: point').
The variable attribute 'va925:cell_measures = 'unset' is not equivalent to the value specified in the CMOR table ('area: areacella').
The grid_mapping_name 'rotated_latitude_longitude' requires the variables 'rlat' and 'rlon' to be present in the file defining the native coordinate system used by the RCM.
The global attribute 'institution' is not compliant with the CV: 'International Centre for Theoretical Physics' instead of 'The Abdus Salam International Centre for Theoretical Physics, Trieste, Italy'.
The 'version' element in the path is not of the format 'vYYYYMMDD': 'va925'.
DRS path building block 'version_realization' does not comply with the CORDEX-CMIP6 Archive Specifications: 'RegCM5-0'. Expected pattern: 'v[1-9]\d*-r[1-9]\d*', eg. 'v1-r3'.
",390,391,0,1,0,,"attribute va925:_QuantizeBitGroomNumberOfSignificantDigits should begin with a letter and be composed of letters, digits, and underscores
",
/mnt/CORDEX_CMIP6_tmp/sim_data/CORDEX-CMIP6/DD/EUR-12/ICTP/NorESM2-MM/historical/r1i1p1f1/RegCM5-0/v1-r1/6hr/zg500/zg500_EUR-12_NorESM2-MM_historical_r1i1p1f1_ICTP_RegCM5-0_v1-r1_6hr_197801010600-197901010000.nc,zg500,EUR-12,NorESM2-MM,historical,r1i1p1f1,ICTP,RegCM5-0,v1-r1,6hr,zg500,71,86,10,5,0,,"Your 'calendar' attribute is not one of the recommended calendars ('standard', 'proleptic_gregorian'): 'noleap'. The use of another calendar is OK in case it has been inherited from the driving model.
It is recommended that data should be compressed with a 'deflate level' of '1' and enabled 'shuffle' option. The data is compressed with a higher 'deflate level' than recommended, this can lead to performance issues when accessing the data.
The first timestep differs from expectation ('1978-01-01 00:00:00'): '1978-01-01 06:00:00'. '1' full simulation year is expected in the data file for frequency '6hr'.
The last timestep differs from expectation ('1978-12-31 18:00:00'): '1979-01-01 00:00:00'. '1' full simulation year is expected in the data file for frequency '6hr'.
It is recommended for the variables 'rlat' and 'rlon' or 'x' and 'y' to have bounds defined.
It is recommended for the variables 'lat' and 'lon' to have bounds defined.
","DRS path building block 'frequency' does not comply with the CV: 'v1-r1'. Allowed values: '1hr', '3hr', '6hr', ...
DRS path building block 'source_id' does not comply with the CV: 'r1i1p1f1'. Allowed values: 'ALARO1-SFX', 'BARPA-R1-NN', 'CCAM-v2105', ...
DRS path building block 'driving_variant_label' does not comply with the CV: 'historical'. Expected value/pattern: 'r[[:digit:]]\{1,\}i[[:digit:]]\{1,\}p[[:digit:]]\{1,\}f[[:digit:]]\{1,\}$'.
DRS path building block 'driving_experiment_id' does not comply with the CV: 'NorESM2-MM'. Allowed values: 'evaluation', 'historical', 'ssp119', ...
DRS path building block 'driving_source_id' does not comply with the CV: 'ICTP'. Allowed values: '4AOP-v1-5', 'ACCESS-CM2', 'ACCESS-ESM1-5', ...
DRS path building block 'institution_id' does not comply with the CV: 'EUR-12'. Allowed values: 'AUTH', 'BAS', 'BCCR-UCAN', ...
DRS path building block 'domain_id' does not comply with the CV: 'DD'. Allowed values: 'SAM-50', 'CAM-50', 'NAM-50', ...
DRS path building block 'activity_id' does not comply with the CV: 'CORDEX-CMIP6'. Allowed values: 'DD', 'ESD'.
DRS path building block 'project_id' does not comply with the CV: 'sim_data'. Expected value/pattern: 'CORDEX-CMIP6'.
Value for DRS building block 'activity_id' is not consistent between 'file path' and 'global attributes': 'CORDEX-CMIP6' and 'DD'.
Value for DRS building block 'domain_id' is not consistent between 'file name' and 'file path' and 'global attributes': 'EUR-12' and 'DD' and 'EUR-12'.
Value for DRS building block 'driving_experiment_id' is not consistent between 'file name' and 'file path' and 'global attributes': 'historical' and 'NorESM2-MM' and 'historical'.
Value for DRS building block 'driving_source_id' is not consistent between 'file name' and 'file path' and 'global attributes': 'NorESM2-MM' and 'ICTP' and 'NorESM2-MM'.
Value for DRS building block 'driving_variant_label' is not consistent between 'file name' and 'file path' and 'global attributes': 'r1i1p1f1' and 'historical' and 'r1i1p1f1'.
Value for DRS building block 'frequency' is not consistent between 'file name' and 'file path' and 'global attributes': '6hr' and 'v1-r1' and '6hr'.
Value for DRS building block 'institution_id' is not consistent between 'file name' and 'file path' and 'global attributes': 'ICTP' and 'EUR-12' and 'ICTP'.
Value for DRS building block 'project_id' is not consistent between 'file path' and 'global attributes': 'sim_data' and 'CORDEX-CMIP6'.
Value for DRS building block 'source_id' is not consistent between 'file name' and 'file path' and 'global attributes': 'RegCM5-0' and 'r1i1p1f1' and 'RegCM5-0'.
Value for DRS building block 'variable_id' is not consistent between 'file name' and 'file path' and 'global attributes': 'zg500' and '6hr' and 'zg500'.
Value for DRS building block 'version_realization' is not consistent between 'file name' and 'file path' and 'global attributes': 'v1-r1' and 'RegCM5-0' and 'v1-r1'.
Global attribute 'license' does not comply with the CV: 'Creative Commons Attribution 4.0 International License (CC BY 4.0; https://creativecommons.org/licenses/by/4.0).'. Expected value/pattern: 'https://cordex.org/data-access/cordex-cmip6-data/cordex-cmip6-terms-of-use'.
Global attribute 'license' does not comply with the CV: 'Creative Commons Attribution 4.0 International License (CC BY 4.0; https://creativecommons.org/licenses/by/4.0).'. Expected value/pattern: 'https://cordex.org/data-access/cordex-cmip6-data/cordex-cmip6-terms-of-use'.
Global attribute 'source' does not comply with the CV: 'The ICTP RegCM version 5 using non hydrostatic MOLOCH dynamical core'. Expected value/pattern: 'The ICTP RegCM version 5 using non hydrostatic MOLOCH dynamical core (2023)'.
Global attribute 'tracking_id' does not comply with the CV: '0753b4a6-6363-11f0-ae82-00001029fe80'. Expected value/pattern: 'hdl:21.14103/.*'.
The CMOR table denoted by the global attribute 'table_id' is not the expected one ('6hr'): 'unknown'.
Your time axis' 'units' attribute differs from the allowed values ('days since 1950-01-01T00:00:00Z', 'days since 1850-01-01T00:00:00Z' if the pre-1950 era is included in the group's simulations): 'hours since 1950-01-01 00:00:00'.
The dimension / coordinate 'longitude' of the variable 'zg500' requires bounds to be defined.
The dimension / coordinate 'latitude' of the variable 'zg500' requires bounds to be defined.
The variable attribute 'zg500:long_name = 'Geopotential Height' is not equivalent to the value specified in the CMOR table ('Geopotential Height at 500hPa').
The variable attribute 'zg500:cell_methods = 'time: point' is not equivalent to the value specified in the CMOR table ('area: mean time: point').
The variable attribute 'zg500:cell_measures = 'unset' is not equivalent to the value specified in the CMOR table ('area: areacella').
The grid_mapping_name 'rotated_latitude_longitude' requires the variables 'rlat' and 'rlon' to be present in the file defining the native coordinate system used by the RCM.
The global attribute 'institution' is not compliant with the CV: 'International Centre for Theoretical Physics' instead of 'The Abdus Salam International Centre for Theoretical Physics, Trieste, Italy'.
The 'version' element in the path is not of the format 'vYYYYMMDD': 'zg500'.
DRS path building block 'version_realization' does not comply with the CORDEX-CMIP6 Archive Specifications: 'RegCM5-0'. Expected pattern: 'v[1-9]\d*-r[1-9]\d*', eg. 'v1-r3'.
",390,391,0,1,0,,"attribute zg500:_QuantizeBitGroomNumberOfSignificantDigits should begin with a letter and be composed of letters, digits, and underscores
",
/mnt/CORDEX_CMIP6_tmp/sim_data/CORDEX-CMIP6/DD/EUR-12/KNMI/CNRM-ESM2-1/historical/r1i1p1f2/RACMO23E/v1-r1/fx/areacella/v20241216/areacella_EUR-12_CNRM-ESM2-1_historical_r1i1p1f2_KNMI_RACMO23E_v1-r1_fx.nc,areacella,EUR-12,CNRM-ESM2-1,historical,r1i1p1f2,KNMI,RACMO23E,v1-r1,fx,v20241216,80,87,4,2,0,,"It is recommended for the variables 'rlat' and 'rlon' or 'x' and 'y' to have bounds defined.
It is recommended for the variables 'lat' and 'lon' to have bounds defined.
","Global attribute 'Conventions' does not comply with the CV: 'CF-1.10'. Expected value/pattern: 'CF-1.11'.
Global attribute 'institution_id' does not comply with the CV: 'unset'. Expected value/pattern: 'KNMI'.
Global attribute 'license' does not comply with the CV: 'CORDEX model data produced by KNMI is licensed under a Creative Commons Attribution 4.0 International License (CC BY 4.0; https://creativecommons.org/licenses/). Consult https://pcmdi.llnl.gov/CMIP6/TermsOfUse for terms of use governing CORDEX output, including citation requirements and proper acknowledgment. The data producers and data providers make no warranty, either express or implied, including, but not limited to, warranties of merchantability and fitness for a particular purpose. All liabilities arising from the supply of the information (including any liability arising in negligence) are excluded to the fullest extent permitted by law.'. Expected value/pattern: 'https://cordex.org/data-access/cordex-cmip6-data/cordex-cmip6-terms-of-use'.
Global attribute 'source' does not comply with the CV: 'KNMI Regional Atmospheric Climate MOdel'. Expected value/pattern: 'The KNMI Regional Climate Model RACMO, version 23E (2022)'.
Global attribute 'license' does not comply with the CV: 'CORDEX model data produced by KNMI is licensed under a Creative Commons Attribution 4.0 International License (CC BY 4.0; https://creativecommons.org/licenses/). Consult https://pcmdi.llnl.gov/CMIP6/TermsOfUse for terms of use governing CORDEX output, including citation requirements and proper acknowledgment. The data producers and data providers make no warranty, either express or implied, including, but not limited to, warranties of merchantability and fitness for a particular purpose. All liabilities arising from the supply of the information (including any liability arising in negligence) are excluded to the fullest extent permitted by law.'. Expected value/pattern: 'https://cordex.org/data-access/cordex-cmip6-data/cordex-cmip6-terms-of-use'.
Global attribute 'tracking_id' does not comply with the CV: 'hdl:21.14100/d9fbe981-93e2-45d1-a621-c1fe7987229d'. Expected value/pattern: 'hdl:21.14103/.*'.
Global attribute 'institution_id' does not comply with the CV: 'unset'. Allowed values: 'AUTH', 'BAS', 'BCCR-UCAN', ...
Required global attribute 'grid' is missing.
Required global attribute 'institution_id' is missing.
The CMOR table denoted by the global attribute 'table_id' is not the expected one ('fx'): 'unknown'.
The dimension / coordinate 'longitude' of the variable 'areacella' requires bounds to be defined.
The dimension / coordinate 'latitude' of the variable 'areacella' requires bounds to be defined.
The variable attribute 'areacella:cell_methods = 'unset' is not equivalent to the value specified in the CMOR table ('area: sum').
The variable attribute 'areacella:cell_measures = 'unset' is not equivalent to the value specified in the CMOR table ('area: areacella').
",187,190,0,1,0,,"§2.6.2 global attribute title should exist and be a non-empty string
§2.6.2 global attribute history should exist and be a non-empty string
§2.6.1 Conventions global attribute does not contain ""CF-1.11""
",
/mnt/CORDEX_CMIP6_tmp/sim_data/CORDEX-CMIP6/DD/EUR-12/KNMI/CNRM-ESM2-1/ssp126/r1i1p1f2/RACMO23E/v1-r1/fx/areacella/v20241216/areacella_EUR-12_CNRM-ESM2-1_ssp126_r1i1p1f2_KNMI_RACMO23E_v1-r1_fx.nc,areacella,EUR-12,CNRM-ESM2-1,ssp126,r1i1p1f2,KNMI,RACMO23E,v1-r1,fx,v20241216,80,87,4,2,0,,"It is recommended for the variables 'rlat' and 'rlon' or 'x' and 'y' to have bounds defined.
It is recommended for the variables 'lat' and 'lon' to have bounds defined.
","Global attribute 'Conventions' does not comply with the CV: 'CF-1.10'. Expected value/pattern: 'CF-1.11'.
Global attribute 'institution_id' does not comply with the CV: 'unset'. Expected value/pattern: 'KNMI'.
Global attribute 'license' does not comply with the CV: 'CORDEX model data produced by KNMI is licensed under a Creative Commons Attribution 4.0 International License (CC BY 4.0; https://creativecommons.org/licenses/). Consult https://pcmdi.llnl.gov/CMIP6/TermsOfUse for terms of use governing CORDEX output, including citation requirements and proper acknowledgment. The data producers and data providers make no warranty, either express or implied, including, but not limited to, warranties of merchantability and fitness for a particular purpose. All liabilities arising from the supply of the information (including any liability arising in negligence) are excluded to the fullest extent permitted by law.'. Expected value/pattern: 'https://cordex.org/data-access/cordex-cmip6-data/cordex-cmip6-terms-of-use'.
Global attribute 'source' does not comply with the CV: 'KNMI Regional Atmospheric Climate MOdel'. Expected value/pattern: 'The KNMI Regional Climate Model RACMO, version 23E (2022)'.
Global attribute 'license' does not comply with the CV: 'CORDEX model data produced by KNMI is licensed under a Creative Commons Attribution 4.0 International License (CC BY 4.0; https://creativecommons.org/licenses/). Consult https://pcmdi.llnl.gov/CMIP6/TermsOfUse for terms of use governing CORDEX output, including citation requirements and proper acknowledgment. The data producers and data providers make no warranty, either express or implied, including, but not limited to, warranties of merchantability and fitness for a particular purpose. All liabilities arising from the supply of the information (including any liability arising in negligence) are excluded to the fullest extent permitted by law.'. Expected value/pattern: 'https://cordex.org/data-access/cordex-cmip6-data/cordex-cmip6-terms-of-use'.
Global attribute 'tracking_id' does not comply with the CV: 'hdl:21.14100/b5cb4c9c-54af-4427-91a1-c410aba8524d'. Expected value/pattern: 'hdl:21.14103/.*'.
Global attribute 'institution_id' does not comply with the CV: 'unset'. Allowed values: 'AUTH', 'BAS', 'BCCR-UCAN', ...
Required global attribute 'grid' is missing.
Required global attribute 'institution_id' is missing.
The CMOR table denoted by the global attribute 'table_id' is not the expected one ('fx'): 'unknown'.
The dimension / coordinate 'longitude' of the variable 'areacella' requires bounds to be defined.
The dimension / coordinate 'latitude' of the variable 'areacella' requires bounds to be defined.
The variable attribute 'areacella:cell_methods = 'unset' is not equivalent to the value specified in the CMOR table ('area: sum').
The variable attribute 'areacella:cell_measures = 'unset' is not equivalent to the value specified in the CMOR table ('area: areacella').
",187,190,0,1,0,,"§2.6.2 global attribute title should exist and be a non-empty string
§2.6.2 global attribute history should exist and be a non-empty string
§2.6.1 Conventions global attribute does not contain ""CF-1.11""
",
/mnt/CORDEX_CMIP6_tmp/sim_data/CORDEX-CMIP6/DD/EUR-12/KNMI/CNRM-ESM2-1/ssp370/r1i1p1f2/RACMO23E/v1-r1/fx/areacella/v20241216/areacella_EUR-12_CNRM-ESM2-1_ssp370_r1i1p1f2_KNMI_RACMO23E_v1-r1_fx.nc,areacella,EUR-12,CNRM-ESM2-1,ssp370,r1i1p1f2,KNMI,RACMO23E,v1-r1,fx,v20241216,80,87,4,2,0,,"It is recommended for the variables 'rlat' and 'rlon' or 'x' and 'y' to have bounds defined.
It is recommended for the variables 'lat' and 'lon' to have bounds defined.
","Global attribute 'Conventions' does not comply with the CV: 'CF-1.10'. Expected value/pattern: 'CF-1.11'.
Global attribute 'institution_id' does not comply with the CV: 'unset'. Expected value/pattern: 'KNMI'.
Global attribute 'license' does not comply with the CV: 'CORDEX model data produced by KNMI is licensed under a Creative Commons Attribution 4.0 International License (CC BY 4.0; https://creativecommons.org/licenses/). Consult https://pcmdi.llnl.gov/CMIP6/TermsOfUse for terms of use governing CORDEX output, including citation requirements and proper acknowledgment. The data producers and data providers make no warranty, either express or implied, including, but not limited to, warranties of merchantability and fitness for a particular purpose. All liabilities arising from the supply of the information (including any liability arising in negligence) are excluded to the fullest extent permitted by law.'. Expected value/pattern: 'https://cordex.org/data-access/cordex-cmip6-data/cordex-cmip6-terms-of-use'.
Global attribute 'source' does not comply with the CV: 'KNMI Regional Atmospheric Climate MOdel'. Expected value/pattern: 'The KNMI Regional Climate Model RACMO, version 23E (2022)'.
Global attribute 'license' does not comply with the CV: 'CORDEX model data produced by KNMI is licensed under a Creative Commons Attribution 4.0 International License (CC BY 4.0; https://creativecommons.org/licenses/). Consult https://pcmdi.llnl.gov/CMIP6/TermsOfUse for terms of use governing CORDEX output, including citation requirements and proper acknowledgment. The data producers and data providers make no warranty, either express or implied, including, but not limited to, warranties of merchantability and fitness for a particular purpose. All liabilities arising from the supply of the information (including any liability arising in negligence) are excluded to the fullest extent permitted by law.'. Expected value/pattern: 'https://cordex.org/data-access/cordex-cmip6-data/cordex-cmip6-terms-of-use'.
Global attribute 'tracking_id' does not comply with the CV: 'hdl:21.14100/1ff6bf39-0944-4950-814a-579b634bcafd'. Expected value/pattern: 'hdl:21.14103/.*'.
Global attribute 'institution_id' does not comply with the CV: 'unset'. Allowed values: 'AUTH', 'BAS', 'BCCR-UCAN', ...
Required global attribute 'grid' is missing.
Required global attribute 'institution_id' is missing.
The CMOR table denoted by the global attribute 'table_id' is not the expected one ('fx'): 'unknown'.
The dimension / coordinate 'longitude' of the variable 'areacella' requires bounds to be defined.
The dimension / coordinate 'latitude' of the variable 'areacella' requires bounds to be defined.
The variable attribute 'areacella:cell_methods = 'unset' is not equivalent to the value specified in the CMOR table ('area: sum').
The variable attribute 'areacella:cell_measures = 'unset' is not equivalent to the value specified in the CMOR table ('area: areacella').
",187,190,0,1,0,,"§2.6.2 global attribute title should exist and be a non-empty string
§2.6.2 global attribute history should exist and be a non-empty string
§2.6.1 Conventions global attribute does not contain ""CF-1.11""
",
/mnt/CORDEX_CMIP6_tmp/sim_data/CORDEX-CMIP6/DD/EUR-12/KNMI/EC-Earth3/historical/r1i1p1f1/RACMO23E/v1-r1/fx/areacella/v20241216/areacella_EUR-12_EC-Earth3_historical_r1i1p1f1_KNMI_RACMO23E_v1-r1_fx.nc,areacella,EUR-12,EC-Earth3,historical,r1i1p1f1,KNMI,RACMO23E,v1-r1,fx,v20241216,80,87,4,2,0,,"It is recommended for the variables 'rlat' and 'rlon' or 'x' and 'y' to have bounds defined.
It is recommended for the variables 'lat' and 'lon' to have bounds defined.
","Global attribute 'Conventions' does not comply with the CV: 'CF-1.10'. Expected value/pattern: 'CF-1.11'.
Global attribute 'institution_id' does not comply with the CV: 'unset'. Expected value/pattern: 'KNMI'.
Global attribute 'license' does not comply with the CV: 'CORDEX model data produced by KNMI is licensed under a Creative Commons Attribution 4.0 International License (CC BY 4.0; https://creativecommons.org/licenses/). Consult https://pcmdi.llnl.gov/CMIP6/TermsOfUse for terms of use governing CORDEX output, including citation requirements and proper acknowledgment. The data producers and data providers make no warranty, either express or implied, including, but not limited to, warranties of merchantability and fitness for a particular purpose. All liabilities arising from the supply of the information (including any liability arising in negligence) are excluded to the fullest extent permitted by law.'. Expected value/pattern: 'https://cordex.org/data-access/cordex-cmip6-data/cordex-cmip6-terms-of-use'.
Global attribute 'source' does not comply with the CV: 'KNMI Regional Atmospheric Climate MOdel'. Expected value/pattern: 'The KNMI Regional Climate Model RACMO, version 23E (2022)'.
Global attribute 'license' does not comply with the CV: 'CORDEX model data produced by KNMI is licensed under a Creative Commons Attribution 4.0 International License (CC BY 4.0; https://creativecommons.org/licenses/). Consult https://pcmdi.llnl.gov/CMIP6/TermsOfUse for terms of use governing CORDEX output, including citation requirements and proper acknowledgment. The data producers and data providers make no warranty, either express or implied, including, but not limited to, warranties of merchantability and fitness for a particular purpose. All liabilities arising from the supply of the information (including any liability arising in negligence) are excluded to the fullest extent permitted by law.'. Expected value/pattern: 'https://cordex.org/data-access/cordex-cmip6-data/cordex-cmip6-terms-of-use'.
Global attribute 'tracking_id' does not comply with the CV: 'hdl:21.14100/f506dac8-16be-4f73-81cf-e3d3f75f95cf'. Expected value/pattern: 'hdl:21.14103/.*'.
Global attribute 'institution_id' does not comply with the CV: 'unset'. Allowed values: 'AUTH', 'BAS', 'BCCR-UCAN', ...
Required global attribute 'grid' is missing.
Required global attribute 'institution_id' is missing.
The CMOR table denoted by the global attribute 'table_id' is not the expected one ('fx'): 'unknown'.
The dimension / coordinate 'longitude' of the variable 'areacella' requires bounds to be defined.
The dimension / coordinate 'latitude' of the variable 'areacella' requires bounds to be defined.
The variable attribute 'areacella:cell_methods = 'unset' is not equivalent to the value specified in the CMOR table ('area: sum').
The variable attribute 'areacella:cell_measures = 'unset' is not equivalent to the value specified in the CMOR table ('area: areacella').
",187,190,0,1,0,,"§2.6.2 global attribute title should exist and be a non-empty string
§2.6.2 global attribute history should exist and be a non-empty string
§2.6.1 Conventions global attribute does not contain ""CF-1.11""
",
/mnt/CORDEX_CMIP6_tmp/sim_data/CORDEX-CMIP6/DD/EUR-12/KNMI/EC-Earth3/ssp126/r1i1p1f1/RACMO23E/v1-r1/fx/areacella/v20241216/areacella_EUR-12_EC-Earth3_ssp126_r1i1p1f1_KNMI_RACMO23E_v1-r1_fx.nc,areacella,EUR-12,EC-Earth3,ssp126,r1i1p1f1,KNMI,RACMO23E,v1-r1,fx,v20241216,80,87,4,2,0,,"It is recommended for the variables 'rlat' and 'rlon' or 'x' and 'y' to have bounds defined.
It is recommended for the variables 'lat' and 'lon' to have bounds defined.
","Global attribute 'Conventions' does not comply with the CV: 'CF-1.10'. Expected value/pattern: 'CF-1.11'.
Global attribute 'institution_id' does not comply with the CV: 'unset'. Expected value/pattern: 'KNMI'.
Global attribute 'license' does not comply with the CV: 'CORDEX model data produced by KNMI is licensed under a Creative Commons Attribution 4.0 International License (CC BY 4.0; https://creativecommons.org/licenses/). Consult https://pcmdi.llnl.gov/CMIP6/TermsOfUse for terms of use governing CORDEX output, including citation requirements and proper acknowledgment. The data producers and data providers make no warranty, either express or implied, including, but not limited to, warranties of merchantability and fitness for a particular purpose. All liabilities arising from the supply of the information (including any liability arising in negligence) are excluded to the fullest extent permitted by law.'. Expected value/pattern: 'https://cordex.org/data-access/cordex-cmip6-data/cordex-cmip6-terms-of-use'.
Global attribute 'source' does not comply with the CV: 'KNMI Regional Atmospheric Climate MOdel'. Expected value/pattern: 'The KNMI Regional Climate Model RACMO, version 23E (2022)'.
Global attribute 'license' does not comply with the CV: 'CORDEX model data produced by KNMI is licensed under a Creative Commons Attribution 4.0 International License (CC BY 4.0; https://creativecommons.org/licenses/). Consult https://pcmdi.llnl.gov/CMIP6/TermsOfUse for terms of use governing CORDEX output, including citation requirements and proper acknowledgment. The data producers and data providers make no warranty, either express or implied, including, but not limited to, warranties of merchantability and fitness for a particular purpose. All liabilities arising from the supply of the information (including any liability arising in negligence) are excluded to the fullest extent permitted by law.'. Expected value/pattern: 'https://cordex.org/data-access/cordex-cmip6-data/cordex-cmip6-terms-of-use'.
Global attribute 'tracking_id' does not comply with the CV: 'hdl:21.14100/4c813820-9014-4d42-a479-951619bc50d6'. Expected value/pattern: 'hdl:21.14103/.*'.
Global attribute 'institution_id' does not comply with the CV: 'unset'. Allowed values: 'AUTH', 'BAS', 'BCCR-UCAN', ...
Required global attribute 'grid' is missing.
Required global attribute 'institution_id' is missing.
The CMOR table denoted by the global attribute 'table_id' is not the expected one ('fx'): 'unknown'.
The dimension / coordinate 'longitude' of the variable 'areacella' requires bounds to be defined.
The dimension / coordinate 'latitude' of the variable 'areacella' requires bounds to be defined.
The variable attribute 'areacella:cell_methods = 'unset' is not equivalent to the value specified in the CMOR table ('area: sum').
The variable attribute 'areacella:cell_measures = 'unset' is not equivalent to the value specified in the CMOR table ('area: areacella').
",187,190,0,1,0,,"§2.6.2 global attribute title should exist and be a non-empty string
§2.6.2 global attribute history should exist and be a non-empty string
§2.6.1 Conventions global attribute does not contain ""CF-1.11""
",
/mnt/CORDEX_CMIP6_tmp/sim_data/CORDEX-CMIP6/DD/EUR-12/KNMI/EC-Earth3/ssp245/r1i1p1f1/RACMO23E/v1-r1/fx/areacella/v20241216/areacella_EUR-12_EC-Earth3_ssp245_r1i1p1f1_KNMI_RACMO23E_v1-r1_fx.nc,areacella,EUR-12,EC-Earth3,ssp245,r1i1p1f1,KNMI,RACMO23E,v1-r1,fx,v20241216,80,87,4,2,0,,"It is recommended for the variables 'rlat' and 'rlon' or 'x' and 'y' to have bounds defined.
It is recommended for the variables 'lat' and 'lon' to have bounds defined.
","Global attribute 'institution_id' does not comply with the CV: 'unset'. Expected value/pattern: 'KNMI'.
Global attribute 'license' does not comply with the CV: 'CORDEX model data produced by KNMI is licensed under a Creative Commons Attribution 4.0 International License (CC BY 4.0; https://creativecommons.org/licenses/). Consult https://pcmdi.llnl.gov/CMIP6/TermsOfUse for terms of use governing CORDEX output, including citation requirements and proper acknowledgment. The data producers and data providers make no warranty, either express or implied, including, but not limited to, warranties of merchantability and fitness for a particular purpose. All liabilities arising from the supply of the information (including any liability arising in negligence) are excluded to the fullest extent permitted by law.'. Expected value/pattern: 'https://cordex.org/data-access/cordex-cmip6-data/cordex-cmip6-terms-of-use'.
Global attribute 'source' does not comply with the CV: 'KNMI Regional Atmospheric Climate MOdel'. Expected value/pattern: 'The KNMI Regional Climate Model RACMO, version 23E (2022)'.
Global attribute 'license' does not comply with the CV: 'CORDEX model data produced by KNMI is licensed under a Creative Commons Attribution 4.0 International License (CC BY 4.0; https://creativecommons.org/licenses/). Consult https://pcmdi.llnl.gov/CMIP6/TermsOfUse for terms of use governing CORDEX output, including citation requirements and proper acknowledgment. The data producers and data providers make no warranty, either express or implied, including, but not limited to, warranties of merchantability and fitness for a particular purpose. All liabilities arising from the supply of the information (including any liability arising in negligence) are excluded to the fullest extent permitted by law.'. Expected value/pattern: 'https://cordex.org/data-access/cordex-cmip6-data/cordex-cmip6-terms-of-use'.
Global attribute 'tracking_id' does not comply with the CV: 'hdl:21.14100/fa5b2622-b678-4977-ac4c-c36e0d5e1550'. Expected value/pattern: 'hdl:21.14103/.*'.
Global attribute 'institution_id' does not comply with the CV: 'unset'. Allowed values: 'AUTH', 'BAS', 'BCCR-UCAN', ...
Required global attribute 'grid' is missing.
Required global attribute 'institution_id' is missing.
The CMOR table denoted by the global attribute 'table_id' is not the expected one ('fx'): 'unknown'.
The dimension / coordinate 'longitude' of the variable 'areacella' requires bounds to be defined.
The dimension / coordinate 'latitude' of the variable 'areacella' requires bounds to be defined.
The variable attribute 'areacella:cell_methods = 'unset' is not equivalent to the value specified in the CMOR table ('area: sum').
The variable attribute 'areacella:cell_measures = 'unset' is not equivalent to the value specified in the CMOR table ('area: areacella').
",188,190,0,1,0,,"§2.6.2 global attribute title should exist and be a non-empty string
§2.6.2 global attribute history should exist and be a non-empty string
",
/mnt/CORDEX_CMIP6_tmp/sim_data/CORDEX-CMIP6/DD/EUR-12/KNMI/EC-Earth3/ssp370/r1i1p1f1/RACMO23E/v1-r1/fx/areacella/v20241216/areacella_EUR-12_EC-Earth3_ssp370_r1i1p1f1_KNMI_RACMO23E_v1-r1_fx.nc,areacella,EUR-12,EC-Earth3,ssp370,r1i1p1f1,KNMI,RACMO23E,v1-r1,fx,v20241216,80,87,4,2,0,,"It is recommended for the variables 'rlat' and 'rlon' or 'x' and 'y' to have bounds defined.
It is recommended for the variables 'lat' and 'lon' to have bounds defined.
","Global attribute 'Conventions' does not comply with the CV: 'CF-1.10'. Expected value/pattern: 'CF-1.11'.
Global attribute 'institution_id' does not comply with the CV: 'unset'. Expected value/pattern: 'KNMI'.
Global attribute 'license' does not comply with the CV: 'CORDEX model data produced by KNMI is licensed under a Creative Commons Attribution 4.0 International License (CC BY 4.0; https://creativecommons.org/licenses/). Consult https://pcmdi.llnl.gov/CMIP6/TermsOfUse for terms of use governing CORDEX output, including citation requirements and proper acknowledgment. The data producers and data providers make no warranty, either express or implied, including, but not limited to, warranties of merchantability and fitness for a particular purpose. All liabilities arising from the supply of the information (including any liability arising in negligence) are excluded to the fullest extent permitted by law.'. Expected value/pattern: 'https://cordex.org/data-access/cordex-cmip6-data/cordex-cmip6-terms-of-use'.
Global attribute 'source' does not comply with the CV: 'KNMI Regional Atmospheric Climate MOdel'. Expected value/pattern: 'The KNMI Regional Climate Model RACMO, version 23E (2022)'.
Global attribute 'license' does not comply with the CV: 'CORDEX model data produced by KNMI is licensed under a Creative Commons Attribution 4.0 International License (CC BY 4.0; https://creativecommons.org/licenses/). Consult https://pcmdi.llnl.gov/CMIP6/TermsOfUse for terms of use governing CORDEX output, including citation requirements and proper acknowledgment. The data producers and data providers make no warranty, either express or implied, including, but not limited to, warranties of merchantability and fitness for a particular purpose. All liabilities arising from the supply of the information (including any liability arising in negligence) are excluded to the fullest extent permitted by law.'. Expected value/pattern: 'https://cordex.org/data-access/cordex-cmip6-data/cordex-cmip6-terms-of-use'.
Global attribute 'tracking_id' does not comply with the CV: 'hdl:21.14100/b8de8a11-6db1-4224-95d8-92a04205ad73'. Expected value/pattern: 'hdl:21.14103/.*'.
Global attribute 'institution_id' does not comply with the CV: 'unset'. Allowed values: 'AUTH', 'BAS', 'BCCR-UCAN', ...
Required global attribute 'grid' is missing.
Required global attribute 'institution_id' is missing.
The CMOR table denoted by the global attribute 'table_id' is not the expected one ('fx'): 'unknown'.
The dimension / coordinate 'longitude' of the variable 'areacella' requires bounds to be defined.
The dimension / coordinate 'latitude' of the variable 'areacella' requires bounds to be defined.
The variable attribute 'areacella:cell_methods = 'unset' is not equivalent to the value specified in the CMOR table ('area: sum').
The variable attribute 'areacella:cell_measures = 'unset' is not equivalent to the value specified in the CMOR table ('area: areacella').
",187,190,0,1,0,,"§2.6.2 global attribute title should exist and be a non-empty string
§2.6.2 global attribute history should exist and be a non-empty string
§2.6.1 Conventions global attribute does not contain ""CF-1.11""
",
/mnt/CORDEX_CMIP6_tmp/sim_data/CORDEX-CMIP6/DD/EUR-12/KNMI/EC-Earth3/ssp585/r1i1p1f1/RACMO23E/v1-r1/fx/areacella/v20241216/areacella_EUR-12_EC-Earth3_ssp585_r1i1p1f1_KNMI_RACMO23E_v1-r1_fx.nc,areacella,EUR-12,EC-Earth3,ssp585,r1i1p1f1,KNMI,RACMO23E,v1-r1,fx,v20241216,80,87,4,2,0,,"It is recommended for the variables 'rlat' and 'rlon' or 'x' and 'y' to have bounds defined.
It is recommended for the variables 'lat' and 'lon' to have bounds defined.
","Global attribute 'institution_id' does not comply with the CV: 'unset'. Expected value/pattern: 'KNMI'.
Global attribute 'license' does not comply with the CV: 'CORDEX model data produced by KNMI is licensed under a Creative Commons Attribution 4.0 International License (CC BY 4.0; https://creativecommons.org/licenses/). Consult https://pcmdi.llnl.gov/CMIP6/TermsOfUse for terms of use governing CORDEX output, including citation requirements and proper acknowledgment. The data producers and data providers make no warranty, either express or implied, including, but not limited to, warranties of merchantability and fitness for a particular purpose. All liabilities arising from the supply of the information (including any liability arising in negligence) are excluded to the fullest extent permitted by law.'. Expected value/pattern: 'https://cordex.org/data-access/cordex-cmip6-data/cordex-cmip6-terms-of-use'.
Global attribute 'source' does not comply with the CV: 'KNMI Regional Atmospheric Climate MOdel'. Expected value/pattern: 'The KNMI Regional Climate Model RACMO, version 23E (2022)'.
Global attribute 'license' does not comply with the CV: 'CORDEX model data produced by KNMI is licensed under a Creative Commons Attribution 4.0 International License (CC BY 4.0; https://creativecommons.org/licenses/). Consult https://pcmdi.llnl.gov/CMIP6/TermsOfUse for terms of use governing CORDEX output, including citation requirements and proper acknowledgment. The data producers and data providers make no warranty, either express or implied, including, but not limited to, warranties of merchantability and fitness for a particular purpose. All liabilities arising from the supply of the information (including any liability arising in negligence) are excluded to the fullest extent permitted by law.'. Expected value/pattern: 'https://cordex.org/data-access/cordex-cmip6-data/cordex-cmip6-terms-of-use'.
Global attribute 'tracking_id' does not comply with the CV: 'hdl:21.14100/c2c9fafa-0561-4737-b543-34944d12ce55'. Expected value/pattern: 'hdl:21.14103/.*'.
Global attribute 'institution_id' does not comply with the CV: 'unset'. Allowed values: 'AUTH', 'BAS', 'BCCR-UCAN', ...
Required global attribute 'grid' is missing.
Required global attribute 'institution_id' is missing.
The CMOR table denoted by the global attribute 'table_id' is not the expected one ('fx'): 'unknown'.
The dimension / coordinate 'longitude' of the variable 'areacella' requires bounds to be defined.
The dimension / coordinate 'latitude' of the variable 'areacella' requires bounds to be defined.
The variable attribute 'areacella:cell_methods = 'unset' is not equivalent to the value specified in the CMOR table ('area: sum').
The variable attribute 'areacella:cell_measures = 'unset' is not equivalent to the value specified in the CMOR table ('area: areacella').
",188,190,0,1,0,,"§2.6.2 global attribute title should exist and be a non-empty string
§2.6.2 global attribute history should exist and be a non-empty string
",
/mnt/CORDEX_CMIP6_tmp/sim_data/CORDEX-CMIP6/DD/EUR-12/KNMI/EC-Earth3-Veg/historical/r1i1p1f1/RACMO23E/v1-r1/fx/areacella/v20241216/areacella_EUR-12_EC-Earth3-Veg_historical_r1i1p1f1_KNMI_RACMO23E_v1-r1_fx.nc,areacella,EUR-12,EC-Earth3-Veg,historical,r1i1p1f1,KNMI,RACMO23E,v1-r1,fx,v20241216,80,87,4,2,0,,"It is recommended for the variables 'rlat' and 'rlon' or 'x' and 'y' to have bounds defined.
It is recommended for the variables 'lat' and 'lon' to have bounds defined.
","Global attribute 'Conventions' does not comply with the CV: 'CF-1.10'. Expected value/pattern: 'CF-1.11'.
Global attribute 'institution_id' does not comply with the CV: 'unset'. Expected value/pattern: 'KNMI'.
Global attribute 'license' does not comply with the CV: 'CORDEX model data produced by KNMI is licensed under a Creative Commons Attribution 4.0 International License (CC BY 4.0; https://creativecommons.org/licenses/). Consult https://pcmdi.llnl.gov/CMIP6/TermsOfUse for terms of use governing CORDEX output, including citation requirements and proper acknowledgment. The data producers and data providers make no warranty, either express or implied, including, but not limited to, warranties of merchantability and fitness for a particular purpose. All liabilities arising from the supply of the information (including any liability arising in negligence) are excluded to the fullest extent permitted by law.'. Expected value/pattern: 'https://cordex.org/data-access/cordex-cmip6-data/cordex-cmip6-terms-of-use'.
Global attribute 'source' does not comply with the CV: 'KNMI Regional Atmospheric Climate MOdel'. Expected value/pattern: 'The KNMI Regional Climate Model RACMO, version 23E (2022)'.
Global attribute 'license' does not comply with the CV: 'CORDEX model data produced by KNMI is licensed under a Creative Commons Attribution 4.0 International License (CC BY 4.0; https://creativecommons.org/licenses/). Consult https://pcmdi.llnl.gov/CMIP6/TermsOfUse for terms of use governing CORDEX output, including citation requirements and proper acknowledgment. The data producers and data providers make no warranty, either express or implied, including, but not limited to, warranties of merchantability and fitness for a particular purpose. All liabilities arising from the supply of the information (including any liability arising in negligence) are excluded to the fullest extent permitted by law.'. Expected value/pattern: 'https://cordex.org/data-access/cordex-cmip6-data/cordex-cmip6-terms-of-use'.
Global attribute 'tracking_id' does not comply with the CV: 'hdl:21.14100/d36dc6ce-ace2-4905-adfa-44c87452076f'. Expected value/pattern: 'hdl:21.14103/.*'.
Global attribute 'institution_id' does not comply with the CV: 'unset'. Allowed values: 'AUTH', 'BAS', 'BCCR-UCAN', ...
Required global attribute 'grid' is missing.
Required global attribute 'institution_id' is missing.
The CMOR table denoted by the global attribute 'table_id' is not the expected one ('fx'): 'unknown'.
The dimension / coordinate 'longitude' of the variable 'areacella' requires bounds to be defined.
The dimension / coordinate 'latitude' of the variable 'areacella' requires bounds to be defined.
The variable attribute 'areacella:cell_methods = 'unset' is not equivalent to the value specified in the CMOR table ('area: sum').
The variable attribute 'areacella:cell_measures = 'unset' is not equivalent to the value specified in the CMOR table ('area: areacella').
",187,190,0,1,0,,"§2.6.2 global attribute title should exist and be a non-empty string
§2.6.2 global attribute history should exist and be a non-empty string
§2.6.1 Conventions global attribute does not contain ""CF-1.11""
",
/mnt/CORDEX_CMIP6_tmp/sim_data/CORDEX-CMIP6/DD/EUR-12/KNMI/EC-Earth3-Veg/ssp119/r1i1p1f1/RACMO23E/v1-r1/fx/areacella/v20241216/areacella_EUR-12_EC-Earth3-Veg_ssp119_r1i1p1f1_KNMI_RACMO23E_v1-r1_fx.nc,areacella,EUR-12,EC-Earth3-Veg,ssp119,r1i1p1f1,KNMI,RACMO23E,v1-r1,fx,v20241216,80,87,4,2,0,,"It is recommended for the variables 'rlat' and 'rlon' or 'x' and 'y' to have bounds defined.
It is recommended for the variables 'lat' and 'lon' to have bounds defined.
","Global attribute 'institution_id' does not comply with the CV: 'unset'. Expected value/pattern: 'KNMI'.
Global attribute 'license' does not comply with the CV: 'CORDEX model data produced by KNMI is licensed under a Creative Commons Attribution 4.0 International License (CC BY 4.0; https://creativecommons.org/licenses/). Consult https://pcmdi.llnl.gov/CMIP6/TermsOfUse for terms of use governing CORDEX output, including citation requirements and proper acknowledgment. The data producers and data providers make no warranty, either express or implied, including, but not limited to, warranties of merchantability and fitness for a particular purpose. All liabilities arising from the supply of the information (including any liability arising in negligence) are excluded to the fullest extent permitted by law.'. Expected value/pattern: 'https://cordex.org/data-access/cordex-cmip6-data/cordex-cmip6-terms-of-use'.
Global attribute 'source' does not comply with the CV: 'KNMI Regional Atmospheric Climate MOdel'. Expected value/pattern: 'The KNMI Regional Climate Model RACMO, version 23E (2022)'.
Global attribute 'license' does not comply with the CV: 'CORDEX model data produced by KNMI is licensed under a Creative Commons Attribution 4.0 International License (CC BY 4.0; https://creativecommons.org/licenses/). Consult https://pcmdi.llnl.gov/CMIP6/TermsOfUse for terms of use governing CORDEX output, including citation requirements and proper acknowledgment. The data producers and data providers make no warranty, either express or implied, including, but not limited to, warranties of merchantability and fitness for a particular purpose. All liabilities arising from the supply of the information (including any liability arising in negligence) are excluded to the fullest extent permitted by law.'. Expected value/pattern: 'https://cordex.org/data-access/cordex-cmip6-data/cordex-cmip6-terms-of-use'.
Global attribute 'tracking_id' does not comply with the CV: 'hdl:21.14100/df5fdecc-7406-4977-9156-ea63371d089f'. Expected value/pattern: 'hdl:21.14103/.*'.
Global attribute 'institution_id' does not comply with the CV: 'unset'. Allowed values: 'AUTH', 'BAS', 'BCCR-UCAN', ...
Required global attribute 'grid' is missing.
Required global attribute 'institution_id' is missing.
The CMOR table denoted by the global attribute 'table_id' is not the expected one ('fx'): 'unknown'.
The dimension / coordinate 'longitude' of the variable 'areacella' requires bounds to be defined.
The dimension / coordinate 'latitude' of the variable 'areacella' requires bounds to be defined.
The variable attribute 'areacella:cell_methods = 'unset' is not equivalent to the value specified in the CMOR table ('area: sum').
The variable attribute 'areacella:cell_measures = 'unset' is not equivalent to the value specified in the CMOR table ('area: areacella').
",188,190,0,1,0,,"§2.6.2 global attribute title should exist and be a non-empty string
§2.6.2 global attribute history should exist and be a non-empty string
",
/mnt/CORDEX_CMIP6_tmp/sim_data/CORDEX-CMIP6/DD/EUR-12/KNMI/EC-Earth3-Veg/ssp126/r1i1p1f1/RACMO23E/v1-r1/fx/areacella/v20241216/areacella_EUR-12_EC-Earth3-Veg_ssp126_r1i1p1f1_KNMI_RACMO23E_v1-r1_fx.nc,areacella,EUR-12,EC-Earth3-Veg,ssp126,r1i1p1f1,KNMI,RACMO23E,v1-r1,fx,v20241216,80,87,4,2,0,,"It is recommended for the variables 'rlat' and 'rlon' or 'x' and 'y' to have bounds defined.
It is recommended for the variables 'lat' and 'lon' to have bounds defined.
","Global attribute 'Conventions' does not comply with the CV: 'CF-1.10'. Expected value/pattern: 'CF-1.11'.
Global attribute 'institution_id' does not comply with the CV: 'unset'. Expected value/pattern: 'KNMI'.
Global attribute 'license' does not comply with the CV: 'CORDEX model data produced by KNMI is licensed under a Creative Commons Attribution 4.0 International License (CC BY 4.0; https://creativecommons.org/licenses/). Consult https://pcmdi.llnl.gov/CMIP6/TermsOfUse for terms of use governing CORDEX output, including citation requirements and proper acknowledgment. The data producers and data providers make no warranty, either express or implied, including, but not limited to, warranties of merchantability and fitness for a particular purpose. All liabilities arising from the supply of the information (including any liability arising in negligence) are excluded to the fullest extent permitted by law.'. Expected value/pattern: 'https://cordex.org/data-access/cordex-cmip6-data/cordex-cmip6-terms-of-use'.
Global attribute 'source' does not comply with the CV: 'KNMI Regional Atmospheric Climate MOdel'. Expected value/pattern: 'The KNMI Regional Climate Model RACMO, version 23E (2022)'.
Global attribute 'license' does not comply with the CV: 'CORDEX model data produced by KNMI is licensed under a Creative Commons Attribution 4.0 International License (CC BY 4.0; https://creativecommons.org/licenses/). Consult https://pcmdi.llnl.gov/CMIP6/TermsOfUse for terms of use governing CORDEX output, including citation requirements and proper acknowledgment. The data producers and data providers make no warranty, either express or implied, including, but not limited to, warranties of merchantability and fitness for a particular purpose. All liabilities arising from the supply of the information (including any liability arising in negligence) are excluded to the fullest extent permitted by law.'. Expected value/pattern: 'https://cordex.org/data-access/cordex-cmip6-data/cordex-cmip6-terms-of-use'.
Global attribute 'tracking_id' does not comply with the CV: 'hdl:21.14100/56a5df29-0198-4a58-9786-e8c3e1da5a6b'. Expected value/pattern: 'hdl:21.14103/.*'.
Global attribute 'institution_id' does not comply with the CV: 'unset'. Allowed values: 'AUTH', 'BAS', 'BCCR-UCAN', ...
Required global attribute 'grid' is missing.
Required global attribute 'institution_id' is missing.
The CMOR table denoted by the global attribute 'table_id' is not the expected one ('fx'): 'unknown'.
The dimension / coordinate 'longitude' of the variable 'areacella' requires bounds to be defined.
The dimension / coordinate 'latitude' of the variable 'areacella' requires bounds to be defined.
The variable attribute 'areacella:cell_methods = 'unset' is not equivalent to the value specified in the CMOR table ('area: sum').
The variable attribute 'areacella:cell_measures = 'unset' is not equivalent to the value specified in the CMOR table ('area: areacella').
",187,190,0,1,0,,"§2.6.2 global attribute title should exist and be a non-empty string
§2.6.2 global attribute history should exist and be a non-empty string
§2.6.1 Conventions global attribute does not contain ""CF-1.11""
",
/mnt/CORDEX_CMIP6_tmp/sim_data/CORDEX-CMIP6/DD/EUR-12/KNMI/EC-Earth3-Veg/ssp245/r1i1p1f1/RACMO23E/v1-r1/fx/areacella/v20241216/areacella_EUR-12_EC-Earth3-Veg_ssp245_r1i1p1f1_KNMI_RACMO23E_v1-r1_fx.nc,areacella,EUR-12,EC-Earth3-Veg,ssp245,r1i1p1f1,KNMI,RACMO23E,v1-r1,fx,v20241216,80,87,4,2,0,,"It is recommended for the variables 'rlat' and 'rlon' or 'x' and 'y' to have bounds defined.
It is recommended for the variables 'lat' and 'lon' to have bounds defined.
","Global attribute 'institution_id' does not comply with the CV: 'unset'. Expected value/pattern: 'KNMI'.
Global attribute 'license' does not comply with the CV: 'CORDEX model data produced by KNMI is licensed under a Creative Commons Attribution 4.0 International License (CC BY 4.0; https://creativecommons.org/licenses/). Consult https://pcmdi.llnl.gov/CMIP6/TermsOfUse for terms of use governing CORDEX output, including citation requirements and proper acknowledgment. The data producers and data providers make no warranty, either express or implied, including, but not limited to, warranties of merchantability and fitness for a particular purpose. All liabilities arising from the supply of the information (including any liability arising in negligence) are excluded to the fullest extent permitted by law.'. Expected value/pattern: 'https://cordex.org/data-access/cordex-cmip6-data/cordex-cmip6-terms-of-use'.
Global attribute 'source' does not comply with the CV: 'KNMI Regional Atmospheric Climate MOdel'. Expected value/pattern: 'The KNMI Regional Climate Model RACMO, version 23E (2022)'.
Global attribute 'license' does not comply with the CV: 'CORDEX model data produced by KNMI is licensed under a Creative Commons Attribution 4.0 International License (CC BY 4.0; https://creativecommons.org/licenses/). Consult https://pcmdi.llnl.gov/CMIP6/TermsOfUse for terms of use governing CORDEX output, including citation requirements and proper acknowledgment. The data producers and data providers make no warranty, either express or implied, including, but not limited to, warranties of merchantability and fitness for a particular purpose. All liabilities arising from the supply of the information (including any liability arising in negligence) are excluded to the fullest extent permitted by law.'. Expected value/pattern: 'https://cordex.org/data-access/cordex-cmip6-data/cordex-cmip6-terms-of-use'.
Global attribute 'tracking_id' does not comply with the CV: 'hdl:21.14100/69614d00-b215-4672-84f2-4944d643922b'. Expected value/pattern: 'hdl:21.14103/.*'.
Global attribute 'institution_id' does not comply with the CV: 'unset'. Allowed values: 'AUTH', 'BAS', 'BCCR-UCAN', ...
Required global attribute 'grid' is missing.
Required global attribute 'institution_id' is missing.
The CMOR table denoted by the global attribute 'table_id' is not the expected one ('fx'): 'unknown'.
The dimension / coordinate 'longitude' of the variable 'areacella' requires bounds to be defined.
The dimension / coordinate 'latitude' of the variable 'areacella' requires bounds to be defined.
The variable attribute 'areacella:cell_methods = 'unset' is not equivalent to the value specified in the CMOR table ('area: sum').
The variable attribute 'areacella:cell_measures = 'unset' is not equivalent to the value specified in the CMOR table ('area: areacella').
",188,190,0,1,0,,"§2.6.2 global attribute title should exist and be a non-empty string
§2.6.2 global attribute history should exist and be a non-empty string
",
/mnt/CORDEX_CMIP6_tmp/sim_data/CORDEX-CMIP6/DD/EUR-12/KNMI/EC-Earth3-Veg/ssp370/r1i1p1f1/RACMO23E/v1-r1/fx/areacella/v20241216/areacella_EUR-12_EC-Earth3-Veg_ssp370_r1i1p1f1_KNMI_RACMO23E_v1-r1_fx.nc,areacella,EUR-12,EC-Earth3-Veg,ssp370,r1i1p1f1,KNMI,RACMO23E,v1-r1,fx,v20241216,80,87,4,2,0,,"It is recommended for the variables 'rlat' and 'rlon' or 'x' and 'y' to have bounds defined.
It is recommended for the variables 'lat' and 'lon' to have bounds defined.
","Global attribute 'Conventions' does not comply with the CV: 'CF-1.10'. Expected value/pattern: 'CF-1.11'.
Global attribute 'institution_id' does not comply with the CV: 'unset'. Expected value/pattern: 'KNMI'.
Global attribute 'license' does not comply with the CV: 'CORDEX model data produced by KNMI is licensed under a Creative Commons Attribution 4.0 International License (CC BY 4.0; https://creativecommons.org/licenses/). Consult https://pcmdi.llnl.gov/CMIP6/TermsOfUse for terms of use governing CORDEX output, including citation requirements and proper acknowledgment. The data producers and data providers make no warranty, either express or implied, including, but not limited to, warranties of merchantability and fitness for a particular purpose. All liabilities arising from the supply of the information (including any liability arising in negligence) are excluded to the fullest extent permitted by law.'. Expected value/pattern: 'https://cordex.org/data-access/cordex-cmip6-data/cordex-cmip6-terms-of-use'.
Global attribute 'source' does not comply with the CV: 'KNMI Regional Atmospheric Climate MOdel'. Expected value/pattern: 'The KNMI Regional Climate Model RACMO, version 23E (2022)'.
Global attribute 'license' does not comply with the CV: 'CORDEX model data produced by KNMI is licensed under a Creative Commons Attribution 4.0 International License (CC BY 4.0; https://creativecommons.org/licenses/). Consult https://pcmdi.llnl.gov/CMIP6/TermsOfUse for terms of use governing CORDEX output, including citation requirements and proper acknowledgment. The data producers and data providers make no warranty, either express or implied, including, but not limited to, warranties of merchantability and fitness for a particular purpose. All liabilities arising from the supply of the information (including any liability arising in negligence) are excluded to the fullest extent permitted by law.'. Expected value/pattern: 'https://cordex.org/data-access/cordex-cmip6-data/cordex-cmip6-terms-of-use'.
Global attribute 'tracking_id' does not comply with the CV: 'hdl:21.14100/28bb6787-3ce2-4ba9-a5d1-130c6ad84e20'. Expected value/pattern: 'hdl:21.14103/.*'.
Global attribute 'institution_id' does not comply with the CV: 'unset'. Allowed values: 'AUTH', 'BAS', 'BCCR-UCAN', ...
Required global attribute 'grid' is missing.
Required global attribute 'institution_id' is missing.
The CMOR table denoted by the global attribute 'table_id' is not the expected one ('fx'): 'unknown'.
The dimension / coordinate 'longitude' of the variable 'areacella' requires bounds to be defined.
The dimension / coordinate 'latitude' of the variable 'areacella' requires bounds to be defined.
The variable attribute 'areacella:cell_methods = 'unset' is not equivalent to the value specified in the CMOR table ('area: sum').
The variable attribute 'areacella:cell_measures = 'unset' is not equivalent to the value specified in the CMOR table ('area: areacella').
",187,190,0,1,0,,"§2.6.2 global attribute title should exist and be a non-empty string
§2.6.2 global attribute history should exist and be a non-empty string
§2.6.1 Conventions global attribute does not contain ""CF-1.11""
",
/mnt/CORDEX_CMIP6_tmp/sim_data/CORDEX-CMIP6/DD/EUR-12/KNMI/EC-Earth3-Veg/ssp585/r1i1p1f1/RACMO23E/v1-r1/fx/areacella/v20241216/areacella_EUR-12_EC-Earth3-Veg_ssp585_r1i1p1f1_KNMI_RACMO23E_v1-r1_fx.nc,areacella,EUR-12,EC-Earth3-Veg,ssp585,r1i1p1f1,KNMI,RACMO23E,v1-r1,fx,v20241216,80,87,4,2,0,,"It is recommended for the variables 'rlat' and 'rlon' or 'x' and 'y' to have bounds defined.
It is recommended for the variables 'lat' and 'lon' to have bounds defined.
","Global attribute 'institution_id' does not comply with the CV: 'unset'. Expected value/pattern: 'KNMI'.
Global attribute 'license' does not comply with the CV: 'CORDEX model data produced by KNMI is licensed under a Creative Commons Attribution 4.0 International License (CC BY 4.0; https://creativecommons.org/licenses/). Consult https://pcmdi.llnl.gov/CMIP6/TermsOfUse for terms of use governing CORDEX output, including citation requirements and proper acknowledgment. The data producers and data providers make no warranty, either express or implied, including, but not limited to, warranties of merchantability and fitness for a particular purpose. All liabilities arising from the supply of the information (including any liability arising in negligence) are excluded to the fullest extent permitted by law.'. Expected value/pattern: 'https://cordex.org/data-access/cordex-cmip6-data/cordex-cmip6-terms-of-use'.
Global attribute 'source' does not comply with the CV: 'KNMI Regional Atmospheric Climate MOdel'. Expected value/pattern: 'The KNMI Regional Climate Model RACMO, version 23E (2022)'.
Global attribute 'license' does not comply with the CV: 'CORDEX model data produced by KNMI is licensed under a Creative Commons Attribution 4.0 International License (CC BY 4.0; https://creativecommons.org/licenses/). Consult https://pcmdi.llnl.gov/CMIP6/TermsOfUse for terms of use governing CORDEX output, including citation requirements and proper acknowledgment. The data producers and data providers make no warranty, either express or implied, including, but not limited to, warranties of merchantability and fitness for a particular purpose. All liabilities arising from the supply of the information (including any liability arising in negligence) are excluded to the fullest extent permitted by law.'. Expected value/pattern: 'https://cordex.org/data-access/cordex-cmip6-data/cordex-cmip6-terms-of-use'.
Global attribute 'tracking_id' does not comply with the CV: 'hdl:21.14100/228e905b-366e-4ba0-99a4-264196d10b8f'. Expected value/pattern: 'hdl:21.14103/.*'.
Global attribute 'institution_id' does not comply with the CV: 'unset'. Allowed values: 'AUTH', 'BAS', 'BCCR-UCAN', ...
Required global attribute 'grid' is missing.
Required global attribute 'institution_id' is missing.
The CMOR table denoted by the global attribute 'table_id' is not the expected one ('fx'): 'unknown'.
The dimension / coordinate 'longitude' of the variable 'areacella' requires bounds to be defined.
The dimension / coordinate 'latitude' of the variable 'areacella' requires bounds to be defined.
The variable attribute 'areacella:cell_methods = 'unset' is not equivalent to the value specified in the CMOR table ('area: sum').
The variable attribute 'areacella:cell_measures = 'unset' is not equivalent to the value specified in the CMOR table ('area: areacella').
",188,190,0,1,0,,"§2.6.2 global attribute title should exist and be a non-empty string
§2.6.2 global attribute history should exist and be a non-empty string
",
/mnt/CORDEX_CMIP6_tmp/sim_data/CORDEX-CMIP6/DD/EUR-12/CNRM-MF/ERA5/evaluation/r1i1p1f1/CNRM-ALADIN64E1/v1-r1/fx/areacella/v20250505/areacella_EUR-12_ERA5_evaluation_r1i1p1f1_CNRM-MF_CNRM-ALADIN64E1_v1-r1_fx.nc,areacella,EUR-12,ERA5,evaluation,r1i1p1f1,CNRM-MF,CNRM-ALADIN64E1,v1-r1,fx,v20250505,81,86,4,1,0,,"It is recommended for the variables 'rlat' and 'rlon' or 'x' and 'y' to have bounds defined.
","File format differs from expectation (NETCDF4_CLASSIC/HDF5): 'NETCDF4/HDF5'.
Global attribute 'driving_experiment' does not comply with the CV: 'evaluation run with reanalysis forcing'. Expected value/pattern: 'reanalysis simulation of the recent past'.
Global attribute 'source' does not comply with the CV: 'CNRM-ALADIN regional climate model, version 6.4 E1'. Expected value/pattern: 'CNRM-ALADIN regional climate model, version 6.4 E1 (2023)'.
The CMOR table denoted by the global attribute 'table_id' is not the expected one ('fx'): 'unknown'.
The variable attribute 'areacella:long_name = 'Grid-Cell Area for Atmospheric Variables' is not equivalent to the value specified in the CMOR table ('Atmosphere Grid-Cell Area').
The variable attribute 'areacella:cell_measures = 'unset' is not equivalent to the value specified in the CMOR table ('area: areacella').
",216,217,0,1,0,,"§2.6.2 global attribute history should exist and be a non-empty string
",
/mnt/CORDEX_CMIP6_tmp/sim_data/CORDEX-CMIP6/DD/EUR-12/GERICS/ERA5/evaluation/r1i1p1f1/REMO2020-2-2/v1-r1/fx/areacella/v20241120/areacella_EUR-12_ERA5_evaluation_r1i1p1f1_GERICS_REMO2020-2-2_v1-r1_fx.nc,areacella,EUR-12,ERA5,evaluation,r1i1p1f1,GERICS,REMO2020-2-2,v1-r1,fx,v20241120,85,87,0,2,0,,"It is recommended that data should be compressed with a 'deflate level' of '1' and enabled 'shuffle' option. The 'shuffle' option is disabled.
It is recommended for the variables 'rlat' and 'rlon' or 'x' and 'y' to have bounds defined.
",,239,242,0,2,0,,"Global attribute external_variables should not have any variable names which are present in the dataset. Currently, the following names appear in both external_variables and the dataset's variables: {'areacella'}
The Boundary variables 'vertices_lat' should not have the attributes: '['units', 'missing_value', '_FillValue']'
The Boundary variables 'vertices_lon' should not have the attributes: '['units', 'missing_value', '_FillValue']'
",
/mnt/CORDEX_CMIP6_tmp/sim_data/CORDEX-CMIP6/DD/EUR-12/GERICS/ERA5/evaluation/r1i1p1f1/REMO2020-2-2-MR2/v1-r1/fx/areacella/v20241120/areacella_EUR-12_ERA5_evaluation_r1i1p1f1_GERICS_REMO2020-2-2-MR2_v1-r1_fx.nc,areacella,EUR-12,ERA5,evaluation,r1i1p1f1,GERICS,REMO2020-2-2-MR2,v1-r1,fx,v20241120,85,87,0,2,0,,"It is recommended that data should be compressed with a 'deflate level' of '1' and enabled 'shuffle' option. The 'shuffle' option is disabled.
It is recommended for the variables 'rlat' and 'rlon' or 'x' and 'y' to have bounds defined.
",,239,242,0,2,0,,"Global attribute external_variables should not have any variable names which are present in the dataset. Currently, the following names appear in both external_variables and the dataset's variables: {'areacella'}
The Boundary variables 'vertices_lat' should not have the attributes: '['units', 'missing_value', '_FillValue']'
The Boundary variables 'vertices_lon' should not have the attributes: '['units', 'missing_value', '_FillValue']'
",
/mnt/CORDEX_CMIP6_tmp/sim_data/CORDEX-CMIP6/DD/EUR-12/ICTP/ERA5/evaluation/r1i1p1f1/RegCM5-0/v1-r1/fx/areacella/v20250415/areacella_EUR-12_ERA5_evaluation_r1i1p1f1_ICTP_RegCM5-0_v1-r1_fx.nc,areacella,EUR-12,ERA5,evaluation,r1i1p1f1,ICTP,RegCM5-0,v1-r1,fx,v20250415,79,86,5,2,0,,"It is recommended for the variables 'rlat' and 'rlon' or 'x' and 'y' to have bounds defined.
It is recommended for the variables 'lat' and 'lon' to have bounds defined.
","Global attribute 'license' does not comply with the CV: 'Creative Commons Attribution 4.0 International License (CC BY 4.0; https://creativecommons.org/licenses/by/4.0).'. Expected value/pattern: 'https://cordex.org/data-access/cordex-cmip6-data/cordex-cmip6-terms-of-use'.
Global attribute 'license' does not comply with the CV: 'Creative Commons Attribution 4.0 International License (CC BY 4.0; https://creativecommons.org/licenses/by/4.0).'. Expected value/pattern: 'https://cordex.org/data-access/cordex-cmip6-data/cordex-cmip6-terms-of-use'.
Global attribute 'source' does not comply with the CV: 'The ICTP RegCM version 5 using non hydrostatic MOLOCH dynamical core'. Expected value/pattern: 'The ICTP RegCM version 5 using non hydrostatic MOLOCH dynamical core (2023)'.
Global attribute 'tracking_id' does not comply with the CV: 'c078f448-1618-11f0-a66b-b8cef6e521d3'. Expected value/pattern: 'hdl:21.14103/.*'.
The CMOR table denoted by the global attribute 'table_id' is not the expected one ('fx'): 'unknown'.
The dimension / coordinate 'longitude' of the variable 'areacella' requires bounds to be defined.
The dimension / coordinate 'latitude' of the variable 'areacella' requires bounds to be defined.
The variable attribute 'areacella:cell_methods = 'unset' is not equivalent to the value specified in the CMOR table ('area: sum').
The variable attribute 'areacella:cell_measures = 'unset' is not equivalent to the value specified in the CMOR table ('area: areacella').
The grid_mapping_name 'rotated_latitude_longitude' requires the variables 'rlat' and 'rlon' to be present in the file defining the native coordinate system used by the RCM.
The global attribute 'institution' is not compliant with the CV: 'International Centre for Theoretical Physics' instead of 'The Abdus Salam International Centre for Theoretical Physics, Trieste, Italy'.
",334,334,0,0,0,,,
/mnt/CORDEX_CMIP6_tmp/sim_data/CORDEX-CMIP6/DD/EUR-12/KNMI/ERA5/evaluation/r1i1p1f1/RACMO23E/v1-r1/fx/areacella/v20241216/areacella_EUR-12_ERA5_evaluation_r1i1p1f1_KNMI_RACMO23E_v1-r1_fx.nc,areacella,EUR-12,ERA5,evaluation,r1i1p1f1,KNMI,RACMO23E,v1-r1,fx,v20241216,80,87,4,2,0,,"It is recommended for the variables 'rlat' and 'rlon' or 'x' and 'y' to have bounds defined.
It is recommended for the variables 'lat' and 'lon' to have bounds defined.
","Global attribute 'driving_experiment' does not comply with the CV: 'evaluation run with reanalysis forcing'. Expected value/pattern: 'reanalysis simulation of the recent past'.
Global attribute 'institution_id' does not comply with the CV: 'unset'. Expected value/pattern: 'KNMI'.
Global attribute 'license' does not comply with the CV: 'CORDEX model data produced by KNMI is licensed under a Creative Commons Attribution 4.0 International License (CC BY 4.0; https://creativecommons.org/licenses/). Consult https://pcmdi.llnl.gov/CMIP6/TermsOfUse for terms of use governing CORDEX output, including citation requirements and proper acknowledgment. The data producers and data providers make no warranty, either express or implied, including, but not limited to, warranties of merchantability and fitness for a particular purpose. All liabilities arising from the supply of the information (including any liability arising in negligence) are excluded to the fullest extent permitted by law.'. Expected value/pattern: 'https://cordex.org/data-access/cordex-cmip6-data/cordex-cmip6-terms-of-use'.
Global attribute 'source' does not comply with the CV: 'KNMI Regional Atmospheric Climate MOdel'. Expected value/pattern: 'The KNMI Regional Climate Model RACMO, version 23E (2022)'.
Global attribute 'license' does not comply with the CV: 'CORDEX model data produced by KNMI is licensed under a Creative Commons Attribution 4.0 International License (CC BY 4.0; https://creativecommons.org/licenses/). Consult https://pcmdi.llnl.gov/CMIP6/TermsOfUse for terms of use governing CORDEX output, including citation requirements and proper acknowledgment. The data producers and data providers make no warranty, either express or implied, including, but not limited to, warranties of merchantability and fitness for a particular purpose. All liabilities arising from the supply of the information (including any liability arising in negligence) are excluded to the fullest extent permitted by law.'. Expected value/pattern: 'https://cordex.org/data-access/cordex-cmip6-data/cordex-cmip6-terms-of-use'.
Global attribute 'tracking_id' does not comply with the CV: 'hdl:21.14100/485afaaa-6b3f-486e-bd44-2dc1dff457b0'. Expected value/pattern: 'hdl:21.14103/.*'.
Global attribute 'institution_id' does not comply with the CV: 'unset'. Allowed values: 'AUTH', 'BAS', 'BCCR-UCAN', ...
Required global attribute 'grid' is missing.
Required global attribute 'institution_id' is missing.
The CMOR table denoted by the global attribute 'table_id' is not the expected one ('fx'): 'unknown'.
The dimension / coordinate 'longitude' of the variable 'areacella' requires bounds to be defined.
The dimension / coordinate 'latitude' of the variable 'areacella' requires bounds to be defined.
The variable attribute 'areacella:cell_methods = 'unset' is not equivalent to the value specified in the CMOR table ('area: sum').
The variable attribute 'areacella:cell_measures = 'unset' is not equivalent to the value specified in the CMOR table ('area: areacella').
",190,192,0,1,0,,"§2.6.2 global attribute title should exist and be a non-empty string
§2.6.2 global attribute history should exist and be a non-empty string
",
/mnt/CORDEX_CMIP6_tmp/sim_data/CORDEX-CMIP6/DD/EUR-12/KNMI/MPI-ESM1-2-HR/historical/r1i1p1f1/RACMO23E/v1-r1/fx/areacella/v20241216/areacella_EUR-12_MPI-ESM1-2-HR_historical_r1i1p1f1_KNMI_RACMO23E_v1-r1_fx.nc,areacella,EUR-12,MPI-ESM1-2-HR,historical,r1i1p1f1,KNMI,RACMO23E,v1-r1,fx,v20241216,80,87,4,2,0,,"It is recommended for the variables 'rlat' and 'rlon' or 'x' and 'y' to have bounds defined.
It is recommended for the variables 'lat' and 'lon' to have bounds defined.
","Global attribute 'Conventions' does not comply with the CV: 'CF-1.10'. Expected value/pattern: 'CF-1.11'.
Global attribute 'institution_id' does not comply with the CV: 'unset'. Expected value/pattern: 'KNMI'.
Global attribute 'license' does not comply with the CV: 'CORDEX model data produced by KNMI is licensed under a Creative Commons Attribution 4.0 International License (CC BY 4.0; https://creativecommons.org/licenses/). Consult https://pcmdi.llnl.gov/CMIP6/TermsOfUse for terms of use governing CORDEX output, including citation requirements and proper acknowledgment. The data producers and data providers make no warranty, either express or implied, including, but not limited to, warranties of merchantability and fitness for a particular purpose. All liabilities arising from the supply of the information (including any liability arising in negligence) are excluded to the fullest extent permitted by law.'. Expected value/pattern: 'https://cordex.org/data-access/cordex-cmip6-data/cordex-cmip6-terms-of-use'.
Global attribute 'source' does not comply with the CV: 'KNMI Regional Atmospheric Climate MOdel'. Expected value/pattern: 'The KNMI Regional Climate Model RACMO, version 23E (2022)'.
Global attribute 'license' does not comply with the CV: 'CORDEX model data produced by KNMI is licensed under a Creative Commons Attribution 4.0 International License (CC BY 4.0; https://creativecommons.org/licenses/). Consult https://pcmdi.llnl.gov/CMIP6/TermsOfUse for terms of use governing CORDEX output, including citation requirements and proper acknowledgment. The data producers and data providers make no warranty, either express or implied, including, but not limited to, warranties of merchantability and fitness for a particular purpose. All liabilities arising from the supply of the information (including any liability arising in negligence) are excluded to the fullest extent permitted by law.'. Expected value/pattern: 'https://cordex.org/data-access/cordex-cmip6-data/cordex-cmip6-terms-of-use'.
Global attribute 'tracking_id' does not comply with the CV: 'hdl:21.14100/19e322f6-7938-4479-8941-d305a3834d6a'. Expected value/pattern: 'hdl:21.14103/.*'.
Global attribute 'institution_id' does not comply with the CV: 'unset'. Allowed values: 'AUTH', 'BAS', 'BCCR-UCAN', ...
Required global attribute 'grid' is missing.
Required global attribute 'institution_id' is missing.
The CMOR table denoted by the global attribute 'table_id' is not the expected one ('fx'): 'unknown'.
The dimension / coordinate 'longitude' of the variable 'areacella' requires bounds to be defined.
The dimension / coordinate 'latitude' of the variable 'areacella' requires bounds to be defined.
The variable attribute 'areacella:cell_methods = 'unset' is not equivalent to the value specified in the CMOR table ('area: sum').
The variable attribute 'areacella:cell_measures = 'unset' is not equivalent to the value specified in the CMOR table ('area: areacella').
",187,190,0,1,0,,"§2.6.2 global attribute title should exist and be a non-empty string
§2.6.2 global attribute history should exist and be a non-empty string
§2.6.1 Conventions global attribute does not contain ""CF-1.11""
",
/mnt/CORDEX_CMIP6_tmp/sim_data/CORDEX-CMIP6/DD/EUR-12/KNMI/MPI-ESM1-2-HR/ssp126/r1i1p1f1/RACMO23E/v1-r1/fx/areacella/v20241216/areacella_EUR-12_MPI-ESM1-2-HR_ssp126_r1i1p1f1_KNMI_RACMO23E_v1-r1_fx.nc,areacella,EUR-12,MPI-ESM1-2-HR,ssp126,r1i1p1f1,KNMI,RACMO23E,v1-r1,fx,v20241216,80,87,4,2,0,,"It is recommended for the variables 'rlat' and 'rlon' or 'x' and 'y' to have bounds defined.
It is recommended for the variables 'lat' and 'lon' to have bounds defined.
","Global attribute 'Conventions' does not comply with the CV: 'CF-1.10'. Expected value/pattern: 'CF-1.11'.
Global attribute 'institution_id' does not comply with the CV: 'unset'. Expected value/pattern: 'KNMI'.
Global attribute 'license' does not comply with the CV: 'CORDEX model data produced by KNMI is licensed under a Creative Commons Attribution 4.0 International License (CC BY 4.0; https://creativecommons.org/licenses/). Consult https://pcmdi.llnl.gov/CMIP6/TermsOfUse for terms of use governing CORDEX output, including citation requirements and proper acknowledgment. The data producers and data providers make no warranty, either express or implied, including, but not limited to, warranties of merchantability and fitness for a particular purpose. All liabilities arising from the supply of the information (including any liability arising in negligence) are excluded to the fullest extent permitted by law.'. Expected value/pattern: 'https://cordex.org/data-access/cordex-cmip6-data/cordex-cmip6-terms-of-use'.
Global attribute 'source' does not comply with the CV: 'KNMI Regional Atmospheric Climate MOdel'. Expected value/pattern: 'The KNMI Regional Climate Model RACMO, version 23E (2022)'.
Global attribute 'license' does not comply with the CV: 'CORDEX model data produced by KNMI is licensed under a Creative Commons Attribution 4.0 International License (CC BY 4.0; https://creativecommons.org/licenses/). Consult https://pcmdi.llnl.gov/CMIP6/TermsOfUse for terms of use governing CORDEX output, including citation requirements and proper acknowledgment. The data producers and data providers make no warranty, either express or implied, including, but not limited to, warranties of merchantability and fitness for a particular purpose. All liabilities arising from the supply of the information (including any liability arising in negligence) are excluded to the fullest extent permitted by law.'. Expected value/pattern: 'https://cordex.org/data-access/cordex-cmip6-data/cordex-cmip6-terms-of-use'.
Global attribute 'tracking_id' does not comply with the CV: 'hdl:21.14100/5008781f-765e-433c-bee6-2a4f0e33590e'. Expected value/pattern: 'hdl:21.14103/.*'.
Global attribute 'institution_id' does not comply with the CV: 'unset'. Allowed values: 'AUTH', 'BAS', 'BCCR-UCAN', ...
Required global attribute 'grid' is missing.
Required global attribute 'institution_id' is missing.
The CMOR table denoted by the global attribute 'table_id' is not the expected one ('fx'): 'unknown'.
The dimension / coordinate 'longitude' of the variable 'areacella' requires bounds to be defined.
The dimension / coordinate 'latitude' of the variable 'areacella' requires bounds to be defined.
The variable attribute 'areacella:cell_methods = 'unset' is not equivalent to the value specified in the CMOR table ('area: sum').
The variable attribute 'areacella:cell_measures = 'unset' is not equivalent to the value specified in the CMOR table ('area: areacella').
",187,190,0,1,0,,"§2.6.2 global attribute title should exist and be a non-empty string
§2.6.2 global attribute history should exist and be a non-empty string
§2.6.1 Conventions global attribute does not contain ""CF-1.11""
",
/mnt/CORDEX_CMIP6_tmp/sim_data/CORDEX-CMIP6/DD/EUR-12/KNMI/MPI-ESM1-2-HR/ssp370/r1i1p1f1/RACMO23E/v1-r1/fx/areacella/v20241216/areacella_EUR-12_MPI-ESM1-2-HR_ssp370_r1i1p1f1_KNMI_RACMO23E_v1-r1_fx.nc,areacella,EUR-12,MPI-ESM1-2-HR,ssp370,r1i1p1f1,KNMI,RACMO23E,v1-r1,fx,v20241216,80,87,4,2,0,,"It is recommended for the variables 'rlat' and 'rlon' or 'x' and 'y' to have bounds defined.
It is recommended for the variables 'lat' and 'lon' to have bounds defined.
","Global attribute 'Conventions' does not comply with the CV: 'CF-1.10'. Expected value/pattern: 'CF-1.11'.
Global attribute 'institution_id' does not comply with the CV: 'unset'. Expected value/pattern: 'KNMI'.
Global attribute 'license' does not comply with the CV: 'CORDEX model data produced by KNMI is licensed under a Creative Commons Attribution 4.0 International License (CC BY 4.0; https://creativecommons.org/licenses/). Consult https://pcmdi.llnl.gov/CMIP6/TermsOfUse for terms of use governing CORDEX output, including citation requirements and proper acknowledgment. The data producers and data providers make no warranty, either express or implied, including, but not limited to, warranties of merchantability and fitness for a particular purpose. All liabilities arising from the supply of the information (including any liability arising in negligence) are excluded to the fullest extent permitted by law.'. Expected value/pattern: 'https://cordex.org/data-access/cordex-cmip6-data/cordex-cmip6-terms-of-use'.
Global attribute 'source' does not comply with the CV: 'KNMI Regional Atmospheric Climate MOdel'. Expected value/pattern: 'The KNMI Regional Climate Model RACMO, version 23E (2022)'.
Global attribute 'license' does not comply with the CV: 'CORDEX model data produced by KNMI is licensed under a Creative Commons Attribution 4.0 International License (CC BY 4.0; https://creativecommons.org/licenses/). Consult https://pcmdi.llnl.gov/CMIP6/TermsOfUse for terms of use governing CORDEX output, including citation requirements and proper acknowledgment. The data producers and data providers make no warranty, either express or implied, including, but not limited to, warranties of merchantability and fitness for a particular purpose. All liabilities arising from the supply of the information (including any liability arising in negligence) are excluded to the fullest extent permitted by law.'. Expected value/pattern: 'https://cordex.org/data-access/cordex-cmip6-data/cordex-cmip6-terms-of-use'.
Global attribute 'tracking_id' does not comply with the CV: 'hdl:21.14100/e4db85c6-dc9a-44c9-ba39-6c3215767d8d'. Expected value/pattern: 'hdl:21.14103/.*'.
Global attribute 'institution_id' does not comply with the CV: 'unset'. Allowed values: 'AUTH', 'BAS', 'BCCR-UCAN', ...
Required global attribute 'grid' is missing.
Required global attribute 'institution_id' is missing.
The CMOR table denoted by the global attribute 'table_id' is not the expected one ('fx'): 'unknown'.
The dimension / coordinate 'longitude' of the variable 'areacella' requires bounds to be defined.
The dimension / coordinate 'latitude' of the variable 'areacella' requires bounds to be defined.
The variable attribute 'areacella:cell_methods = 'unset' is not equivalent to the value specified in the CMOR table ('area: sum').
The variable attribute 'areacella:cell_measures = 'unset' is not equivalent to the value specified in the CMOR table ('area: areacella').
",187,190,0,1,0,,"§2.6.2 global attribute title should exist and be a non-empty string
§2.6.2 global attribute history should exist and be a non-empty string
§2.6.1 Conventions global attribute does not contain ""CF-1.11""
",
/mnt/CORDEX_CMIP6_tmp/sim_data/CORDEX-CMIP6/DD/EUR-12/KNMI/NorESM2-MM/historical/r1i1p1f1/RACMO23E/v1-r1/fx/areacella/v20241216/areacella_EUR-12_NorESM2-MM_historical_r1i1p1f1_KNMI_RACMO23E_v1-r1_fx.nc,areacella,EUR-12,NorESM2-MM,historical,r1i1p1f1,KNMI,RACMO23E,v1-r1,fx,v20241216,80,87,4,2,0,,"It is recommended for the variables 'rlat' and 'rlon' or 'x' and 'y' to have bounds defined.
It is recommended for the variables 'lat' and 'lon' to have bounds defined.
","Global attribute 'Conventions' does not comply with the CV: 'CF-1.10'. Expected value/pattern: 'CF-1.11'.
Global attribute 'institution_id' does not comply with the CV: 'unset'. Expected value/pattern: 'KNMI'.
Global attribute 'license' does not comply with the CV: 'CORDEX model data produced by KNMI is licensed under a Creative Commons Attribution 4.0 International License (CC BY 4.0; https://creativecommons.org/licenses/). Consult https://pcmdi.llnl.gov/CMIP6/TermsOfUse for terms of use governing CORDEX output, including citation requirements and proper acknowledgment. The data producers and data providers make no warranty, either express or implied, including, but not limited to, warranties of merchantability and fitness for a particular purpose. All liabilities arising from the supply of the information (including any liability arising in negligence) are excluded to the fullest extent permitted by law.'. Expected value/pattern: 'https://cordex.org/data-access/cordex-cmip6-data/cordex-cmip6-terms-of-use'.
Global attribute 'source' does not comply with the CV: 'KNMI Regional Atmospheric Climate MOdel'. Expected value/pattern: 'The KNMI Regional Climate Model RACMO, version 23E (2022)'.
Global attribute 'license' does not comply with the CV: 'CORDEX model data produced by KNMI is licensed under a Creative Commons Attribution 4.0 International License (CC BY 4.0; https://creativecommons.org/licenses/). Consult https://pcmdi.llnl.gov/CMIP6/TermsOfUse for terms of use governing CORDEX output, including citation requirements and proper acknowledgment. The data producers and data providers make no warranty, either express or implied, including, but not limited to, warranties of merchantability and fitness for a particular purpose. All liabilities arising from the supply of the information (including any liability arising in negligence) are excluded to the fullest extent permitted by law.'. Expected value/pattern: 'https://cordex.org/data-access/cordex-cmip6-data/cordex-cmip6-terms-of-use'.
Global attribute 'tracking_id' does not comply with the CV: 'hdl:21.14100/581eabbe-1bcc-4009-8277-7c733973b4f7'. Expected value/pattern: 'hdl:21.14103/.*'.
Global attribute 'institution_id' does not comply with the CV: 'unset'. Allowed values: 'AUTH', 'BAS', 'BCCR-UCAN', ...
Required global attribute 'grid' is missing.
Required global attribute 'institution_id' is missing.
The CMOR table denoted by the global attribute 'table_id' is not the expected one ('fx'): 'unknown'.
The dimension / coordinate 'longitude' of the variable 'areacella' requires bounds to be defined.
The dimension / coordinate 'latitude' of the variable 'areacella' requires bounds to be defined.
The variable attribute 'areacella:cell_methods = 'unset' is not equivalent to the value specified in the CMOR table ('area: sum').
The variable attribute 'areacella:cell_measures = 'unset' is not equivalent to the value specified in the CMOR table ('area: areacella').
",187,190,0,1,0,,"§2.6.2 global attribute title should exist and be a non-empty string
§2.6.2 global attribute history should exist and be a non-empty string
§2.6.1 Conventions global attribute does not contain ""CF-1.11""
",
/mnt/CORDEX_CMIP6_tmp/sim_data/CORDEX-CMIP6/DD/EUR-12/KNMI/NorESM2-MM/ssp126/r1i1p1f1/RACMO23E/v1-r1/fx/areacella/v20241216/areacella_EUR-12_NorESM2-MM_ssp126_r1i1p1f1_KNMI_RACMO23E_v1-r1_fx.nc,areacella,EUR-12,NorESM2-MM,ssp126,r1i1p1f1,KNMI,RACMO23E,v1-r1,fx,v20241216,80,87,4,2,0,,"It is recommended for the variables 'rlat' and 'rlon' or 'x' and 'y' to have bounds defined.
It is recommended for the variables 'lat' and 'lon' to have bounds defined.
","Global attribute 'Conventions' does not comply with the CV: 'CF-1.10'. Expected value/pattern: 'CF-1.11'.
Global attribute 'institution_id' does not comply with the CV: 'unset'. Expected value/pattern: 'KNMI'.
Global attribute 'license' does not comply with the CV: 'CORDEX model data produced by KNMI is licensed under a Creative Commons Attribution 4.0 International License (CC BY 4.0; https://creativecommons.org/licenses/). Consult https://pcmdi.llnl.gov/CMIP6/TermsOfUse for terms of use governing CORDEX output, including citation requirements and proper acknowledgment. The data producers and data providers make no warranty, either express or implied, including, but not limited to, warranties of merchantability and fitness for a particular purpose. All liabilities arising from the supply of the information (including any liability arising in negligence) are excluded to the fullest extent permitted by law.'. Expected value/pattern: 'https://cordex.org/data-access/cordex-cmip6-data/cordex-cmip6-terms-of-use'.
Global attribute 'source' does not comply with the CV: 'KNMI Regional Atmospheric Climate MOdel'. Expected value/pattern: 'The KNMI Regional Climate Model RACMO, version 23E (2022)'.
Global attribute 'license' does not comply with the CV: 'CORDEX model data produced by KNMI is licensed under a Creative Commons Attribution 4.0 International License (CC BY 4.0; https://creativecommons.org/licenses/). Consult https://pcmdi.llnl.gov/CMIP6/TermsOfUse for terms of use governing CORDEX output, including citation requirements and proper acknowledgment. The data producers and data providers make no warranty, either express or implied, including, but not limited to, warranties of merchantability and fitness for a particular purpose. All liabilities arising from the supply of the information (including any liability arising in negligence) are excluded to the fullest extent permitted by law.'. Expected value/pattern: 'https://cordex.org/data-access/cordex-cmip6-data/cordex-cmip6-terms-of-use'.
Global attribute 'tracking_id' does not comply with the CV: 'hdl:21.14100/024fc6cd-68cb-47b9-91a6-bfb9112dce81'. Expected value/pattern: 'hdl:21.14103/.*'.
Global attribute 'institution_id' does not comply with the CV: 'unset'. Allowed values: 'AUTH', 'BAS', 'BCCR-UCAN', ...
Required global attribute 'grid' is missing.
Required global attribute 'institution_id' is missing.
The CMOR table denoted by the global attribute 'table_id' is not the expected one ('fx'): 'unknown'.
The dimension / coordinate 'longitude' of the variable 'areacella' requires bounds to be defined.
The dimension / coordinate 'latitude' of the variable 'areacella' requires bounds to be defined.
The variable attribute 'areacella:cell_methods = 'unset' is not equivalent to the value specified in the CMOR table ('area: sum').
The variable attribute 'areacella:cell_measures = 'unset' is not equivalent to the value specified in the CMOR table ('area: areacella').
",187,190,0,1,0,,"§2.6.2 global attribute title should exist and be a non-empty string
§2.6.2 global attribute history should exist and be a non-empty string
§2.6.1 Conventions global attribute does not contain ""CF-1.11""
",
